Stock.ID,Species,Stock,Region,UseFlag,BroodYear,Spawners,R2,R3,R4,R5,R6,R7,Recruits
101,Coho,Buskin River,Westward,1,1989,9356,0,2488,8774,648,0,NA,11910
101,Coho,Buskin River,Westward,1,1990,6039,0,2183,8158,299,0,NA,10640
101,Coho,Buskin River,Westward,1,1991,8434,0,3660,8938,1093,69,NA,13760
101,Coho,Buskin River,Westward,1,1992,6358,0,2804,8215,1517,0,NA,12536
101,Coho,Buskin River,Westward,1,1993,6318,37,2578,10208,1320,88,NA,14231
101,Coho,Buskin River,Westward,1,1994,7855,0,3035,9184,2569,0,NA,14788
101,Coho,Buskin River,Westward,1,1995,8438,0,2310,9123,1077,0,NA,12510
101,Coho,Buskin River,Westward,1,1996,8141,0,2347,8773,84,0,NA,11204
101,Coho,Buskin River,Westward,1,1997,10582,0,2193,8568,422,0,NA,11183
101,Coho,Buskin River,Westward,1,1998,8742,0,8316,11688,1375,0,NA,21379
101,Coho,Buskin River,Westward,1,1999,9383,0,2253,11935,2137,0,NA,16325
101,Coho,Buskin River,Westward,1,2000,7737,0,3994,9653,1325,0,NA,14972
101,Coho,Buskin River,Westward,1,2001,13214,0,3624,14969,1135,0,NA,19728
101,Coho,Buskin River,Westward,1,2002,10349,38,5299,15228,141,0,NA,20706
101,Coho,Buskin River,Westward,1,2003,12754,66,5094,11954,258,0,NA,17372
101,Coho,Buskin River,Westward,1,2004,9016,0,3375,9217,705,0,NA,13297
101,Coho,Buskin River,Westward,1,2005,16235,70,4125,12782,185,0,NA,17162
101,Coho,Buskin River,Westward,1,2006,12560,0,2315,7726,1047,0,NA,11088
101,Coho,Buskin River,Westward,1,2007,8375,0,1854,6805,190,91,NA,8940
101,Coho,Buskin River,Westward,1,2008,8176,0,1570,7253,273,0,NA,9096
101,Coho,Buskin River,Westward,1,2009,9583,0,382,8931,223,0,NA,9536
101,Coho,Buskin River,Westward,1,2010,6239,0,1550,11810,960,0,NA,14320
101,Coho,Buskin River,Westward,0,2011,5298,0,1671,NA,NA,NA,NA,1671
101,Coho,Buskin River,Westward,0,2012,4906,0,NA,NA,NA,NA,NA,0
101,Coho,Buskin River,Westward,0,2013,4974,NA,NA,NA,NA,NA,NA,NA
101,Coho,Buskin River,Westward,0,2014,7335,NA,NA,NA,NA,NA,NA,NA
101,Coho,Buskin River,Westward,0,2015,NA,NA,NA,NA,NA,NA,NA,NA
102,Coho,Kuskokwim River,AYK,0,1994,NA,NA,NA,NA,NA,0,NA,0
102,Coho,Kuskokwim River,AYK,0,1995,NA,NA,NA,NA,13971,0,NA,13971
102,Coho,Kuskokwim River,AYK,0,1996,NA,NA,NA,834971,75320,0,NA,910291
102,Coho,Kuskokwim River,AYK,1,1997,NA,NA,26504,633721,56035,0,NA,716260
102,Coho,Kuskokwim River,AYK,1,1998,NA,NA,34162,569779,217610,0,NA,821551
102,Coho,Kuskokwim River,AYK,1,1999,NA,NA,5250,2338675,104441,0,NA,2448366
102,Coho,Kuskokwim River,AYK,1,2000,567210,NA,140874,1531373,80675,0,NA,1752922
102,Coho,Kuskokwim River,AYK,1,2001,515962,NA,43776,700131,25098,0,NA,769005
102,Coho,Kuskokwim River,AYK,1,2002,500566,NA,38906,590053,32153,0,NA,661112
102,Coho,Kuskokwim River,AYK,1,2003,2375943,NA,78165,707930,161761,0,NA,947856
102,Coho,Kuskokwim River,AYK,1,2004,1191700,NA,37402,925798,50580,0,NA,1013780
102,Coho,Kuskokwim River,AYK,1,2005,639004,NA,42598,647622,28419,422,NA,719061
102,Coho,Kuskokwim River,AYK,1,2006,464617,NA,25325,448409,73496,185,NA,547415
102,Coho,Kuskokwim River,AYK,0,2007,597110,NA,23113,1018522,45742,0,NA,1087377
102,Coho,Kuskokwim River,AYK,0,2008,931753,NA,78301,447606.9,NA,NA,NA,525907.9
102,Coho,Kuskokwim River,AYK,0,2009,583283,NA,65791,NA,NA,NA,NA,65791
102,Coho,Kuskokwim River,AYK,0,2010,407065,NA,NA,NA,NA,NA,NA,NA
102,Coho,Kuskokwim River,AYK,0,2011,1064277,NA,NA,NA,NA,NA,NA,NA
102,Coho,Kuskokwim River,AYK,0,2012,443296,NA,NA,NA,NA,NA,NA,NA
103,Coho,Auke Creek,Southeast,1,1980,698,NA,342,979,671,14,NA,2006
103,Coho,Auke Creek,Southeast,1,1981,647,NA,111,798,179,44,NA,1132
103,Coho,Auke Creek,Southeast,1,1982,447,NA,69,669,316,49,NA,1103
103,Coho,Auke Creek,Southeast,1,1983,694,NA,104,665,433,0,NA,1202
103,Coho,Auke Creek,Southeast,1,1984,651,NA,153,678,19,0,NA,850
103,Coho,Auke Creek,Southeast,1,1985,942,NA,31,790,0,0,NA,821
103,Coho,Auke Creek,Southeast,1,1986,453,NA,329,1162,0,0,NA,1491
103,Coho,Auke Creek,Southeast,0,1987,668,NA,307,876,26,1,NA,1210
103,Coho,Auke Creek,Southeast,0,1988,756,NA,269,920,52,19,NA,1260
103,Coho,Auke Creek,Southeast,0,1989,502,NA,368,1391,242,31,NA,2032
104,Coho,Berners River,Southeast,0,1979,3460,NA,8886,22102,670,135,NA,31793
104,Coho,Berners River,Southeast,1,1982,7505,NA,8172,17483,278,0,NA,25933
104,Coho,Berners River,Southeast,1,1983,9840,NA,5298,12086,95,0,NA,17479
104,Coho,Berners River,Southeast,1,1984,2825,NA,1694,7281,625,0,NA,9600
104,Coho,Berners River,Southeast,1,1985,6169,NA,7596,13259,506,0,NA,21361
104,Coho,Berners River,Southeast,1,1986,1752,NA,5804,15245,424,0,NA,21473
104,Coho,Berners River,Southeast,1,1987,NA,NA,18978,23649,0,NA,NA,42627
104,Coho,Berners River,Southeast,1,1988,NA,NA,13907,24843,0,NA,NA,38750
104,Coho,Berners River,Southeast,1,1989,10819,NA,24843,34753,0,NA,NA,59596
104,Coho,Berners River,Southeast,1,1990,15074,NA,18633,41792,66,NA,NA,60491
104,Coho,Berners River,Southeast,1,1991,11243,NA,35417,14509,0,NA,NA,49926
104,Coho,Berners River,Southeast,1,1992,22011,NA,15433,9670,46,NA,NA,25149
104,Coho,Berners River,Southeast,1,1993,17145,NA,15443,10061,50,NA,NA,25554
104,Coho,Berners River,Southeast,1,1994,24014,NA,7602,16268,147,NA,NA,24017
104,Coho,Berners River,Southeast,1,1995,5038,NA,8460,22045,46,NA,NA,30551
104,Coho,Berners River,Southeast,1,1996,7361,NA,13345,16596,72,NA,NA,30013
104,Coho,Berners River,Southeast,1,1997,15528,NA,7391,21596,0,NA,NA,28987
104,Coho,Berners River,Southeast,1,1998,9580,NA,15138,29189,71,NA,NA,44398
104,Coho,Berners River,Southeast,1,1999,9302,NA,27311,23344,141,NA,NA,50796
104,Coho,Berners River,Southeast,1,2000,14389,NA,8135,17695,0,NA,NA,25830
104,Coho,Berners River,Southeast,1,2001,22929,NA,18823,3966,34,NA,NA,22823
104,Coho,Berners River,Southeast,1,2002,41089,NA,10051,6937,0,NA,NA,16988
104,Coho,Berners River,Southeast,1,2003,13004,NA,10170,1854,0,NA,NA,12024
104,Coho,Berners River,Southeast,1,2004,21477,NA,7812,5147,20,NA,NA,12979
104,Coho,Berners River,Southeast,1,2005,4926,NA,10877,1990,0,NA,NA,12867
104,Coho,Berners River,Southeast,1,2006,8918,NA,8329,5682,0,NA,NA,14011
104,Coho,Berners River,Southeast,1,2007,3952,NA,17949,2419,42,NA,NA,20410
104,Coho,Berners River,Southeast,1,2008,11764,NA,11069,2754,131,NA,NA,13954
104,Coho,Berners River,Southeast,1,2009,4059,NA,7056,7498,0,NA,NA,14554
104,Coho,Berners River,Southeast,1,2010,9781,NA,14953,11039,69,NA,NA,26061
105,Coho,Ford Arm Lake,Southeast,1,1982,2662,NA,169,2444,1744,50,0,4407
105,Coho,Ford Arm Lake,Southeast,1,1983,1944,NA,491,1150,1245,36,0,2922
105,Coho,Ford Arm Lake,Southeast,0,1984,NA,NA,NA,NA,NA,NA,NA,NA
105,Coho,Ford Arm Lake,Southeast,1,1985,2324,NA,528,3622,1235,24,0,5409
105,Coho,Ford Arm Lake,Southeast,1,1986,1546,NA,326,3627,1504,88,0,5545
105,Coho,Ford Arm Lake,Southeast,0,1987,1694,NA,415,4237,3517,163,30,8362
105,Coho,Ford Arm Lake,Southeast,0,1988,3028,NA,258,5598,5947,435,45,12283
105,Coho,Ford Arm Lake,Southeast,0,1989,2177,NA,100,6485,3796,383,39,10803
106,Coho,Hugh Smith Lake,Southeast,1,1982,2144,NA,296,2441,622,92,0,3451
106,Coho,Hugh Smith Lake,Southeast,1,1983,1490,NA,470,1522,677,0,0,2669
106,Coho,Hugh Smith Lake,Southeast,1,1984,1408,NA,157,619,635,0,0,1411
106,Coho,Hugh Smith Lake,Southeast,1,1985,903,NA,117,1400,974,21,0,2512
106,Coho,Hugh Smith Lake,Southeast,1,1986,1783,NA,388,2754,526,30,0,3698
106,Coho,Hugh Smith Lake,Southeast,0,1987,1118,NA,865,4727,1156,19,14,6781
106,Coho,Hugh Smith Lake,Southeast,0,1988,513,NA,457,3489,591,83,10,4630
106,Coho,Hugh Smith Lake,Southeast,0,1989,424,NA,214,3392,1286,90,11,4993
107,Coho,Akwe River,Southeast,0,1967,NA,NA,NA,NA,1518,NA,NA,1518
107,Coho,Akwe River,Southeast,0,1968,NA,NA,NA,11192,910,NA,NA,12102
107,Coho,Akwe River,Southeast,1,1969,NA,NA,6260,6714,1216,NA,NA,14190
107,Coho,Akwe River,Southeast,1,1970,NA,NA,3755,8967,491,NA,NA,13213
107,Coho,Akwe River,Southeast,1,1971,NA,NA,5016,3620,615,NA,NA,9251
107,Coho,Akwe River,Southeast,1,1972,7000,NA,2025,4535,3145,NA,NA,9705
107,Coho,Akwe River,Southeast,1,1973,3000,NA,2536,23193,2278,NA,NA,28007
107,Coho,Akwe River,Southeast,1,1974,5000,NA,12973,16801,1509,NA,NA,31283
107,Coho,Akwe River,Southeast,1,1975,2200,NA,9397,11130,1608,NA,NA,22135
107,Coho,Akwe River,Southeast,1,1976,1500,NA,6225,11859,1392,NA,NA,19476
107,Coho,Akwe River,Southeast,1,1977,15000,NA,6633,10268,799,NA,NA,17700
107,Coho,Akwe River,Southeast,1,1978,7000,NA,5743,13316,208,NA,NA,19267
107,Coho,Akwe River,Southeast,1,1979,3000,NA,12517,11027,0,NA,NA,23544
107,Coho,Akwe River,Southeast,1,1980,5000,NA,9571,11491,1451,NA,NA,22513
107,Coho,Akwe River,Southeast,1,1981,5000,NA,6187,6891,1941,NA,NA,15019
107,Coho,Akwe River,Southeast,1,1982,3000,NA,3748,14313,3852,NA,NA,21913
107,Coho,Akwe River,Southeast,1,1983,6000,NA,8005,10856,3566,NA,NA,22427
107,Coho,Akwe River,Southeast,1,1984,2800,NA,2801,14771,1492,NA,NA,19064
107,Coho,Akwe River,Southeast,1,1985,2400,NA,7131,12679,793,NA,NA,20603
107,Coho,Akwe River,Southeast,1,1986,5900,NA,4475,8560,359,NA,NA,13394
107,Coho,Akwe River,Southeast,0,1967,NA,NA,NA,NA,3198,NA,NA,3198
107,Coho,Akwe River,Southeast,0,1968,NA,NA,NA,23582,1630,NA,NA,25212
107,Coho,Akwe River,Southeast,1,1969,NA,NA,13190,12024,2416,NA,NA,27630
107,Coho,Akwe River,Southeast,1,1970,NA,NA,6725,17817,1019,NA,NA,25561
107,Coho,Akwe River,Southeast,1,1971,NA,NA,9966,7514,975,NA,NA,18455
107,Coho,Akwe River,Southeast,1,1972,28000,NA,4203,7190,6745,NA,NA,18138
107,Coho,Akwe River,Southeast,1,1973,12000,NA,4021,49743,3958,NA,NA,57722
107,Coho,Akwe River,Southeast,1,1974,20000,NA,27823,29191,2229,NA,NA,59243
107,Coho,Akwe River,Southeast,1,1975,8800,NA,16327,16440,2808,NA,NA,35575
107,Coho,Akwe River,Southeast,1,1976,6000,NA,9195,20709,2592,NA,NA,32496
107,Coho,Akwe River,Southeast,1,1977,60000,NA,11583,19118,1069,NA,NA,31770
107,Coho,Akwe River,Southeast,1,1978,28000,NA,10693,17816,388,NA,NA,28897
107,Coho,Akwe River,Southeast,1,1979,12000,NA,16747,20567,0,NA,NA,37314
107,Coho,Akwe River,Southeast,1,1980,20000,NA,17851,16951,2315,NA,NA,37117
107,Coho,Akwe River,Southeast,1,1981,20000,NA,9127,10995,3356,NA,NA,23478
107,Coho,Akwe River,Southeast,1,1982,12000,NA,5980,24750,7086,NA,NA,37816
107,Coho,Akwe River,Southeast,1,1983,24000,NA,13843,19970,5624,NA,NA,39437
107,Coho,Akwe River,Southeast,1,1984,11200,NA,5153,23297,2668,NA,NA,31118
107,Coho,Akwe River,Southeast,1,1985,9600,NA,11247,22675,1528,NA,NA,35450
107,Coho,Akwe River,Southeast,1,1986,23600,NA,8003,16498,800,NA,NA,25301
107,Coho,Akwe River,Southeast,0,1967,NA,NA,NA,NA,2078,NA,NA,2078
107,Coho,Akwe River,Southeast,0,1968,NA,NA,NA,15322,1150,NA,NA,16472
107,Coho,Akwe River,Southeast,1,1969,NA,NA,8570,8484,1616,NA,NA,18670
107,Coho,Akwe River,Southeast,1,1970,NA,NA,4745,11917,667,NA,NA,17329
107,Coho,Akwe River,Southeast,1,1971,NA,NA,6666,4918,735,NA,NA,12319
107,Coho,Akwe River,Southeast,1,1972,14000,NA,2751,5420,4345,NA,NA,12516
107,Coho,Akwe River,Southeast,1,1973,6000,NA,3031,32043,2838,NA,NA,37912
107,Coho,Akwe River,Southeast,1,1974,10000,NA,17923,20931,1749,NA,NA,40603
107,Coho,Akwe River,Southeast,1,1975,4400,NA,11707,12900,2008,NA,NA,26615
107,Coho,Akwe River,Southeast,1,1976,3000,NA,7215,14809,1792,NA,NA,23816
107,Coho,Akwe River,Southeast,1,1977,30000,NA,8283,13218,889,NA,NA,22390
107,Coho,Akwe River,Southeast,1,1978,14000,NA,7393,14816,268,NA,NA,22477
107,Coho,Akwe River,Southeast,1,1979,6000,NA,13927,14207,0,NA,NA,28134
107,Coho,Akwe River,Southeast,1,1980,10000,NA,12331,13311,1739,NA,NA,27381
107,Coho,Akwe River,Southeast,1,1981,10000,NA,7167,8259,2413,NA,NA,17839
107,Coho,Akwe River,Southeast,1,1982,6000,NA,4492,17794,4930,NA,NA,27216
107,Coho,Akwe River,Southeast,1,1983,12000,NA,9952,13894,4252,NA,NA,28098
107,Coho,Akwe River,Southeast,1,1984,5600,NA,3585,17613,1884,NA,NA,23082
107,Coho,Akwe River,Southeast,1,1985,4800,NA,8503,16011,1038,NA,NA,25552
107,Coho,Akwe River,Southeast,1,1986,11800,NA,5651,11206,506,NA,NA,17363
107,Coho,Akwe River,Southeast,0,1967,NA,NA,NA,NA,1704,NA,NA,1704
107,Coho,Akwe River,Southeast,0,1968,NA,NA,NA,12569,990,NA,NA,13559
107,Coho,Akwe River,Southeast,1,1969,NA,NA,7030,7304,1349,NA,NA,15683
107,Coho,Akwe River,Southeast,1,1970,NA,NA,4085,9951,549,NA,NA,14585
107,Coho,Akwe River,Southeast,1,1971,NA,NA,5566,4052,655,NA,NA,10273
107,Coho,Akwe River,Southeast,1,1972,9333,NA,2266,4830,3545,NA,NA,10641
107,Coho,Akwe River,Southeast,1,1973,4000,NA,2701,26143,2465,NA,NA,31309
107,Coho,Akwe River,Southeast,1,1974,6667,NA,14623,18177,1589,NA,NA,34389
107,Coho,Akwe River,Southeast,1,1975,2933,NA,10167,11720,1741,NA,NA,23628
107,Coho,Akwe River,Southeast,1,1976,2000,NA,6555,12843,1526,NA,NA,20924
107,Coho,Akwe River,Southeast,1,1977,20000,NA,7183,11252,829,NA,NA,19264
107,Coho,Akwe River,Southeast,1,1978,9333,NA,6293,13816,228,NA,NA,20337
107,Coho,Akwe River,Southeast,1,1979,4000,NA,12987,12087,0,NA,NA,25074
107,Coho,Akwe River,Southeast,1,1980,6667,NA,10491,12097,1547,NA,NA,24135
107,Coho,Akwe River,Southeast,1,1981,6667,NA,6514,7347,2098,NA,NA,15959
107,Coho,Akwe River,Southeast,1,1982,4000,NA,3996,15473,4211,NA,NA,23680
107,Coho,Akwe River,Southeast,1,1983,8000,NA,8655,11868,3794,NA,NA,24317
107,Coho,Akwe River,Southeast,1,1984,3733,NA,3063,15719,1622,NA,NA,20404
107,Coho,Akwe River,Southeast,1,1985,3200,NA,7588,13790,874,NA,NA,22252
107,Coho,Akwe River,Southeast,1,1986,7867,NA,4867,9441,408,NA,NA,14716
108,Coho,East Alsek River,Southeast,0,1967,NA,NA,NA,NA,202,NA,NA,202
108,Coho,East Alsek River,Southeast,0,1968,NA,NA,NA,1921,180,NA,NA,2101
108,Coho,East Alsek River,Southeast,1,1969,NA,NA,2691,1710,397,NA,NA,4798
108,Coho,East Alsek River,Southeast,1,1970,NA,NA,2395,3767,143,NA,NA,6305
108,Coho,East Alsek River,Southeast,1,1971,NA,NA,5278,1355,229,NA,NA,6862
108,Coho,East Alsek River,Southeast,1,1972,1500,NA,1899,2177,377,NA,NA,4453
108,Coho,East Alsek River,Southeast,1,1973,300,NA,3049,3579,753,NA,NA,7381
108,Coho,East Alsek River,Southeast,1,1974,3000,NA,5014,7150,340,NA,NA,12504
108,Coho,East Alsek River,Southeast,1,1975,1500,NA,10017,3232,281,NA,NA,13530
108,Coho,East Alsek River,Southeast,1,1976,2200,NA,4528,2674,901,NA,NA,8103
108,Coho,East Alsek River,Southeast,1,1977,2000,NA,3746,8555,373,NA,NA,12674
108,Coho,East Alsek River,Southeast,1,1978,4500,NA,11986,6471,0,NA,NA,18457
108,Coho,East Alsek River,Southeast,1,1979,1500,NA,5600,6178,0,NA,NA,11778
108,Coho,East Alsek River,Southeast,1,1980,2000,NA,7862,3052,1255,NA,NA,12169
108,Coho,East Alsek River,Southeast,1,1981,7200,NA,27466,16319,593,NA,NA,44378
108,Coho,East Alsek River,Southeast,1,1982,3200,NA,24269,3640,1207,NA,NA,29116
108,Coho,East Alsek River,Southeast,1,1983,3000,NA,4233,5086,2432,NA,NA,11751
108,Coho,East Alsek River,Southeast,1,1984,8000,NA,2328,14939,454,NA,NA,17721
108,Coho,East Alsek River,Southeast,1,1985,13000,NA,17372,4429,273,NA,NA,22074
108,Coho,East Alsek River,Southeast,1,1986,2200,NA,6473,5318,129,NA,NA,11920
108,Coho,East Alsek River,Southeast,1,1987,1300,NA,8045,1994,1262,NA,NA,11301
108,Coho,East Alsek River,Southeast,1,1988,5500,NA,4309,11986,1059,NA,NA,17354
108,Coho,East Alsek River,Southeast,0,1989,2000,NA,16793,10057,NA,NA,NA,26850
108,Coho,East Alsek River,Southeast,0,1990,2800,NA,14090,NA,NA,NA,NA,14090
108,Coho,East Alsek River,Southeast,0,1991,1900,NA,NA,NA,NA,NA,NA,NA
108,Coho,East Alsek River,Southeast,0,1992,3700,NA,NA,NA,NA,NA,NA,NA
108,Coho,East Alsek River,Southeast,0,1993,9500,NA,NA,NA,NA,NA,NA,NA
108,Coho,East Alsek River,Southeast,0,1967,NA,NA,NA,NA,391,NA,NA,391
108,Coho,East Alsek River,Southeast,0,1968,NA,NA,NA,3716,218,NA,NA,3934
108,Coho,East Alsek River,Southeast,1,1969,NA,NA,5207,2069,775,NA,NA,8051
108,Coho,East Alsek River,Southeast,1,1970,NA,NA,2898,7358,332,NA,NA,10588
108,Coho,East Alsek River,Southeast,1,1971,NA,NA,10309,3151,506,NA,NA,13966
108,Coho,East Alsek River,Southeast,1,1972,6000,NA,4414,4810,629,NA,NA,9853
108,Coho,East Alsek River,Southeast,1,1973,1200,NA,6739,5973,1320,NA,NA,14032
108,Coho,East Alsek River,Southeast,1,1974,12000,NA,8368,12536,529,NA,NA,21433
108,Coho,East Alsek River,Southeast,1,1975,6000,NA,17563,5028,533,NA,NA,23124
108,Coho,East Alsek River,Southeast,1,1976,8800,NA,7044,5068,1808,NA,NA,13920
108,Coho,East Alsek River,Southeast,1,1977,8000,NA,7100,17174,661,NA,NA,24935
108,Coho,East Alsek River,Southeast,1,1978,18000,NA,24060,11463,0,NA,NA,35523
108,Coho,East Alsek River,Southeast,1,1979,6000,NA,9920,10138,0,NA,NA,20058
108,Coho,East Alsek River,Southeast,1,1980,8000,NA,12902,5452,2425,NA,NA,20779
108,Coho,East Alsek River,Southeast,1,1981,28800,NA,49066,31529,1055,NA,NA,81650
108,Coho,East Alsek River,Southeast,1,1982,12800,NA,46889,6478,1753,NA,NA,55120
108,Coho,East Alsek River,Southeast,1,1983,12000,NA,7533,7387,3587,NA,NA,18507
108,Coho,East Alsek River,Southeast,1,1984,32000,NA,3381,22034,694,NA,NA,26109
108,Coho,East Alsek River,Southeast,1,1985,52000,NA,25622,6769,441,NA,NA,32832
108,Coho,East Alsek River,Southeast,1,1986,8800,NA,9893,8594,243,NA,NA,18730
108,Coho,East Alsek River,Southeast,1,1987,5200,NA,13001,3761,1728,NA,NA,18490
108,Coho,East Alsek River,Southeast,1,1988,22000,NA,8128,16415,2256,NA,NA,26799
108,Coho,East Alsek River,Southeast,0,1989,8000,NA,22998,21428,NA,NA,NA,44426
108,Coho,East Alsek River,Southeast,0,1990,11200,NA,30021,NA,NA,NA,NA,30021
108,Coho,East Alsek River,Southeast,0,1991,7600,NA,NA,NA,NA,NA,NA,NA
108,Coho,East Alsek River,Southeast,0,1992,14800,NA,NA,NA,NA,NA,NA,NA
108,Coho,East Alsek River,Southeast,0,1993,38000,NA,NA,NA,NA,NA,NA,NA
108,Coho,East Alsek River,Southeast,0,1967,NA,NA,NA,NA,265,NA,NA,265
108,Coho,East Alsek River,Southeast,0,1968,NA,NA,NA,2519,193,NA,NA,2712
108,Coho,East Alsek River,Southeast,1,1969,NA,NA,3530,1829,523,NA,NA,5882
108,Coho,East Alsek River,Southeast,1,1970,NA,NA,2563,4964,206,NA,NA,7733
108,Coho,East Alsek River,Southeast,1,1971,NA,NA,6955,1954,322,NA,NA,9231
108,Coho,East Alsek River,Southeast,1,1972,3000,NA,2737,3054,461,NA,NA,6252
108,Coho,East Alsek River,Southeast,1,1973,600,NA,4279,4377,942,NA,NA,9598
108,Coho,East Alsek River,Southeast,1,1974,6000,NA,6132,8945,403,NA,NA,15480
108,Coho,East Alsek River,Southeast,1,1975,3000,NA,12532,3831,365,NA,NA,16728
108,Coho,East Alsek River,Southeast,1,1976,4400,NA,5367,3472,1203,NA,NA,10042
108,Coho,East Alsek River,Southeast,1,1977,4000,NA,4864,11428,469,NA,NA,16761
108,Coho,East Alsek River,Southeast,1,1978,9000,NA,16011,8135,0,NA,NA,24146
108,Coho,East Alsek River,Southeast,1,1979,3000,NA,7040,7498,0,NA,NA,14538
108,Coho,East Alsek River,Southeast,1,1980,4000,NA,9542,3852,1645,NA,NA,15039
108,Coho,East Alsek River,Southeast,1,1981,14400,NA,34666,21389,747,NA,NA,56802
108,Coho,East Alsek River,Southeast,1,1982,6400,NA,31809,4586,1389,NA,NA,37784
108,Coho,East Alsek River,Southeast,1,1983,6000,NA,5333,5853,2817,NA,NA,14003
108,Coho,East Alsek River,Southeast,1,1984,16000,NA,2679,17304,534,NA,NA,20517
108,Coho,East Alsek River,Southeast,1,1985,26000,NA,20122,5209,329,NA,NA,25660
108,Coho,East Alsek River,Southeast,1,1986,4400,NA,7613,6410,167,NA,NA,14190
108,Coho,East Alsek River,Southeast,1,1987,2600,NA,9697,2583,1417,NA,NA,13697
108,Coho,East Alsek River,Southeast,1,1988,11000,NA,5582,13463,1458,NA,NA,20503
108,Coho,East Alsek River,Southeast,0,1989,4000,NA,18861,13847,NA,NA,NA,32708
108,Coho,East Alsek River,Southeast,0,1990,5600,NA,19400,NA,NA,NA,NA,19400
108,Coho,East Alsek River,Southeast,0,1991,3800,NA,NA,NA,NA,NA,NA,NA
108,Coho,East Alsek River,Southeast,0,1992,7400,NA,NA,NA,NA,NA,NA,NA
108,Coho,East Alsek River,Southeast,0,1993,19000,NA,NA,NA,NA,NA,NA,NA
108,Coho,East Alsek River,Southeast,0,1967,NA,NA,NA,NA,223,NA,NA,223
108,Coho,East Alsek River,Southeast,0,1968,NA,NA,NA,2120,184,NA,NA,2304
108,Coho,East Alsek River,Southeast,1,1969,NA,NA,2971,1750,439,NA,NA,5160
108,Coho,East Alsek River,Southeast,1,1970,NA,NA,2451,4166,164,NA,NA,6781
108,Coho,East Alsek River,Southeast,1,1971,NA,NA,5837,1555,260,NA,NA,7652
108,Coho,East Alsek River,Southeast,1,1972,2000,NA,2178,2469,405,NA,NA,5052
108,Coho,East Alsek River,Southeast,1,1973,400,NA,3459,3845,816,NA,NA,8120
108,Coho,East Alsek River,Southeast,1,1974,4000,NA,5387,7748,361,NA,NA,13496
108,Coho,East Alsek River,Southeast,1,1975,2000,NA,10855,3432,309,NA,NA,14596
108,Coho,East Alsek River,Southeast,1,1976,2933,NA,4808,2940,1001,NA,NA,8749
108,Coho,East Alsek River,Southeast,1,1977,2667,NA,4119,9513,405,NA,NA,14037
108,Coho,East Alsek River,Southeast,1,1978,6000,NA,13328,7026,0,NA,NA,20354
108,Coho,East Alsek River,Southeast,1,1979,2000,NA,6080,6618,0,NA,NA,12698
108,Coho,East Alsek River,Southeast,1,1980,2667,NA,8422,3319,1385,NA,NA,13126
108,Coho,East Alsek River,Southeast,1,1981,9600,NA,29867,18009,644,NA,NA,48520
108,Coho,East Alsek River,Southeast,1,1982,4267,NA,26782,3956,1268,NA,NA,32006
108,Coho,East Alsek River,Southeast,1,1983,4000,NA,4600,5342,2560,NA,NA,12502
108,Coho,East Alsek River,Southeast,1,1984,10667,NA,2445,15728,481,NA,NA,18654
108,Coho,East Alsek River,Southeast,1,1985,17333,NA,18288,4689,291,NA,NA,23268
108,Coho,East Alsek River,Southeast,1,1986,2933,NA,6854,5682,141,NA,NA,12677
108,Coho,East Alsek River,Southeast,1,1987,1733,NA,8595,2190,1314,NA,NA,12099
108,Coho,East Alsek River,Southeast,1,1988,7333,NA,4734,12478,1192,NA,NA,18404
108,Coho,East Alsek River,Southeast,0,1989,2667,NA,17482,11320,NA,NA,NA,28802
108,Coho,East Alsek River,Southeast,0,1990,3733,NA,15860,NA,NA,NA,NA,15860
108,Coho,East Alsek River,Southeast,0,1991,2533,NA,NA,NA,NA,NA,NA,NA
108,Coho,East Alsek River,Southeast,0,1992,4933,NA,NA,NA,NA,NA,NA,NA
108,Coho,East Alsek River,Southeast,0,1993,12667,NA,NA,NA,NA,NA,NA,NA
109,Coho,Italio River,Southeast,0,1967,NA,NA,NA,NA,322,NA,NA,322
109,Coho,Italio River,Southeast,0,1968,NA,NA,NA,3542,150,NA,NA,3692
109,Coho,Italio River,Southeast,1,1969,NA,NA,4185,1655,498,NA,NA,6338
109,Coho,Italio River,Southeast,1,1970,NA,NA,1956,5480,205,NA,NA,7641
109,Coho,Italio River,Southeast,1,1971,NA,NA,6477,2255,313,NA,NA,9045
109,Coho,Italio River,Southeast,1,1972,4000,NA,2666,3446,807,NA,NA,6919
109,Coho,Italio River,Southeast,1,1973,800,NA,4073,8881,642,NA,NA,13596
109,Coho,Italio River,Southeast,1,1974,3000,NA,10495,7059,533,NA,NA,18087
109,Coho,Italio River,Southeast,1,1975,1450,NA,8342,5861,577,NA,NA,14780
109,Coho,Italio River,Southeast,1,1976,1000,NA,6927,6346,700,NA,NA,13973
109,Coho,Italio River,Southeast,1,1977,8000,NA,7499,7702,490,NA,NA,15691
109,Coho,Italio River,Southeast,1,1978,3000,NA,9102,11766,0,NA,NA,20868
109,Coho,Italio River,Southeast,0,1979,3000,NA,12256,2632,0,NA,NA,14888
109,Coho,Italio River,Southeast,1,1980,3000,NA,5857,9658,1834,NA,NA,17349
109,Coho,Italio River,Southeast,1,1981,5500,NA,11805,8669,481,NA,NA,20955
109,Coho,Italio River,Southeast,1,1982,5000,NA,6168,4487,76,NA,NA,10731
109,Coho,Italio River,Southeast,1,1983,500,NA,3045,2440,980,NA,NA,6465
109,Coho,Italio River,Southeast,1,1984,4450,NA,5109,4899,230,NA,NA,10238
109,Coho,Italio River,Southeast,1,1985,5500,NA,3028,2526,497,NA,NA,6051
109,Coho,Italio River,Southeast,1,1986,2700,NA,2985,3604,317,NA,NA,6906
109,Coho,Italio River,Southeast,1,1987,3500,NA,8327,3487,365,NA,NA,12179
109,Coho,Italio River,Southeast,1,1988,4000,NA,4120,4010,799,NA,NA,8929
109,Coho,Italio River,Southeast,0,1989,4200,NA,4739,8788,NA,NA,NA,13527
109,Coho,Italio River,Southeast,0,1990,5700,NA,10385,NA,NA,NA,NA,10385
109,Coho,Italio River,Southeast,0,1991,5000,NA,NA,NA,NA,NA,NA,NA
109,Coho,Italio River,Southeast,0,1992,5550,NA,NA,NA,NA,NA,NA,NA
109,Coho,Italio River,Southeast,0,1993,8050,NA,NA,NA,NA,NA,NA,NA
109,Coho,Italio River,Southeast,0,1967,NA,NA,NA,NA,802,NA,NA,802
109,Coho,Italio River,Southeast,0,1968,NA,NA,NA,8822,246,NA,NA,9068
109,Coho,Italio River,Southeast,1,1969,NA,NA,10425,2711,858,NA,NA,13994
109,Coho,Italio River,Southeast,1,1970,NA,NA,3204,9436,379,NA,NA,13019
109,Coho,Italio River,Southeast,1,1971,NA,NA,11151,4169,433,NA,NA,15753
109,Coho,Italio River,Southeast,1,1972,16000,NA,4928,4766,1767,NA,NA,11461
109,Coho,Italio River,Southeast,1,1973,3200,NA,5633,19441,1002,NA,NA,26076
109,Coho,Italio River,Southeast,1,1974,12000,NA,22975,11019,893,NA,NA,34887
109,Coho,Italio River,Southeast,1,1975,5800,NA,13022,9821,937,NA,NA,23780
109,Coho,Italio River,Southeast,1,1976,4000,NA,11607,10306,1360,NA,NA,23273
109,Coho,Italio River,Southeast,1,1977,32000,NA,12179,14962,790,NA,NA,27931
109,Coho,Italio River,Southeast,1,1978,12000,NA,17682,18966,0,NA,NA,36648
109,Coho,Italio River,Southeast,0,1979,12000,NA,19756,3099,0,NA,NA,22855
109,Coho,Italio River,Southeast,1,1980,12000,NA,6899,15666,4749,NA,NA,27314
109,Coho,Italio River,Southeast,1,1981,22000,NA,19147,22449,967,NA,NA,42563
109,Coho,Italio River,Southeast,1,1982,20000,NA,15973,9023,181,NA,NA,25177
109,Coho,Italio River,Southeast,1,1983,2000,NA,6123,5800,2300,NA,NA,14223
109,Coho,Italio River,Southeast,1,1984,17800,NA,12144,11499,734,NA,NA,24377
109,Coho,Italio River,Southeast,1,1985,22000,NA,7108,8070,1181,NA,NA,16359
109,Coho,Italio River,Southeast,1,1986,10800,NA,9537,8563,917,NA,NA,19017
109,Coho,Italio River,Southeast,1,1987,14000,NA,19784,10087,1031,NA,NA,30902
109,Coho,Italio River,Southeast,1,1988,16000,NA,11920,11336,1765,NA,NA,25021
109,Coho,Italio River,Southeast,0,1989,16800,NA,13397,19414,NA,NA,NA,32811
109,Coho,Italio River,Southeast,0,1990,22800,NA,22943,NA,NA,NA,NA,22943
109,Coho,Italio River,Southeast,0,1991,20000,NA,NA,NA,NA,NA,NA,NA
109,Coho,Italio River,Southeast,0,1992,22200,NA,NA,NA,NA,NA,NA,NA
109,Coho,Italio River,Southeast,0,1993,32200,NA,NA,NA,NA,NA,NA,NA
109,Coho,Italio River,Southeast,0,1967,NA,NA,NA,NA,482,NA,NA,482
109,Coho,Italio River,Southeast,0,1968,NA,NA,NA,5302,182,NA,NA,5484
109,Coho,Italio River,Southeast,1,1969,NA,NA,6265,2007,618,NA,NA,8890
109,Coho,Italio River,Southeast,1,1970,NA,NA,2372,6796,263,NA,NA,9431
109,Coho,Italio River,Southeast,1,1971,NA,NA,8031,2893,353,NA,NA,11277
109,Coho,Italio River,Southeast,1,1972,8000,NA,3420,3886,1127,NA,NA,8433
109,Coho,Italio River,Southeast,1,1973,1600,NA,4593,12401,762,NA,NA,17756
109,Coho,Italio River,Southeast,1,1974,6000,NA,14655,8379,653,NA,NA,23687
109,Coho,Italio River,Southeast,1,1975,2900,NA,9902,7181,697,NA,NA,17780
109,Coho,Italio River,Southeast,1,1976,2000,NA,8487,7666,920,NA,NA,17073
109,Coho,Italio River,Southeast,1,1977,16000,NA,9059,10122,590,NA,NA,19771
109,Coho,Italio River,Southeast,1,1978,6000,NA,11962,14166,0,NA,NA,26128
109,Coho,Italio River,Southeast,0,1979,6000,NA,14756,2789,0,NA,NA,17545
109,Coho,Italio River,Southeast,1,1980,6000,NA,6209,11661,3539,NA,NA,21409
109,Coho,Italio River,Southeast,1,1981,11000,NA,14252,16729,643,NA,NA,31624
109,Coho,Italio River,Southeast,1,1982,10000,NA,11903,5999,111,NA,NA,18013
109,Coho,Italio River,Southeast,1,1983,1000,NA,4071,3560,1420,NA,NA,9051
109,Coho,Italio River,Southeast,1,1984,8900,NA,7454,7099,398,NA,NA,14951
109,Coho,Italio River,Southeast,1,1985,11000,NA,4388,4374,725,NA,NA,9487
109,Coho,Italio River,Southeast,1,1986,5400,NA,5169,5257,517,NA,NA,10943
109,Coho,Italio River,Southeast,1,1987,7000,NA,12146,5687,587,NA,NA,18420
109,Coho,Italio River,Southeast,1,1988,8000,NA,6720,6452,1121,NA,NA,14293
109,Coho,Italio River,Southeast,0,1989,8400,NA,7625,12330,NA,NA,NA,19955
109,Coho,Italio River,Southeast,0,1990,11400,NA,14571,NA,NA,NA,NA,14571
109,Coho,Italio River,Southeast,0,1991,10000,NA,NA,NA,NA,NA,NA,NA
109,Coho,Italio River,Southeast,0,1992,11100,NA,NA,NA,NA,NA,NA,NA
109,Coho,Italio River,Southeast,0,1993,16100,NA,NA,NA,NA,NA,NA,NA
109,Coho,Italio River,Southeast,0,1967,NA,NA,NA,NA,375,NA,NA,375
109,Coho,Italio River,Southeast,0,1968,NA,NA,NA,4128,161,NA,NA,4289
109,Coho,Italio River,Southeast,1,1969,NA,NA,4879,1773,538,NA,NA,7190
109,Coho,Italio River,Southeast,1,1970,NA,NA,2095,5920,224,NA,NA,8239
109,Coho,Italio River,Southeast,1,1971,NA,NA,6997,2468,327,NA,NA,9792
109,Coho,Italio River,Southeast,1,1972,5333,NA,2917,3593,914,NA,NA,7424
109,Coho,Italio River,Southeast,1,1973,1067,NA,4246,10054,682,NA,NA,14982
109,Coho,Italio River,Southeast,1,1974,4000,NA,11882,7499,573,NA,NA,19954
109,Coho,Italio River,Southeast,1,1975,1933,NA,8862,6301,617,NA,NA,15780
109,Coho,Italio River,Southeast,1,1976,1333,NA,7447,6786,773,NA,NA,15006
109,Coho,Italio River,Southeast,1,1977,10667,NA,8019,8508,524,NA,NA,17051
109,Coho,Italio River,Southeast,1,1978,4000,NA,10055,12566,0,NA,NA,22621
109,Coho,Italio River,Southeast,0,1979,4000,NA,13090,2686,0,NA,NA,15776
109,Coho,Italio River,Southeast,1,1980,4000,NA,5979,10326,3135,NA,NA,19440
109,Coho,Italio River,Southeast,1,1981,7333,NA,12620,14822,535,NA,NA,27977
109,Coho,Italio River,Southeast,1,1982,6667,NA,10546,4991,88,NA,NA,15625
109,Coho,Italio River,Southeast,1,1983,667,NA,3387,2813,1126,NA,NA,7326
109,Coho,Italio River,Southeast,1,1984,5933,NA,5891,5632,286,NA,NA,11809
109,Coho,Italio River,Southeast,1,1985,7333,NA,3482,3142,573,NA,NA,7197
109,Coho,Italio River,Southeast,1,1986,3600,NA,3713,4155,384,NA,NA,8252
109,Coho,Italio River,Southeast,1,1987,4667,NA,9600,4220,439,NA,NA,14259
109,Coho,Italio River,Southeast,1,1988,5333,NA,4987,4824,906,NA,NA,10717
109,Coho,Italio River,Southeast,0,1989,5600,NA,5701,9968,NA,NA,NA,15669
109,Coho,Italio River,Southeast,0,1990,7600,NA,11781,NA,NA,NA,NA,11781
109,Coho,Italio River,Southeast,0,1991,6667,NA,NA,NA,NA,NA,NA,NA
109,Coho,Italio River,Southeast,0,1992,7400,NA,NA,NA,NA,NA,NA,NA
109,Coho,Italio River,Southeast,0,1993,10733,NA,NA,NA,NA,NA,NA,NA
110,Coho,Kaliakh River,Southeast,0,1968,NA,NA,NA,NA,752,NA,NA,752
110,Coho,Kaliakh River,Southeast,0,1969,NA,NA,NA,5905,589,NA,NA,6494
110,Coho,Kaliakh River,Southeast,1,1970,NA,NA,4080,4625,266,NA,NA,8971
110,Coho,Kaliakh River,Southeast,1,1971,NA,NA,3195,2089,801,NA,NA,6085
110,Coho,Kaliakh River,Southeast,1,1972,NA,NA,1444,6290,1593,NA,NA,9327
110,Coho,Kaliakh River,Southeast,1,1973,8000,NA,4346,12514,2635,NA,NA,19495
110,Coho,Kaliakh River,Southeast,0,1974,5700,NA,8646,20707,1648,NA,NA,31001
110,Coho,Kaliakh River,Southeast,1,1975,3500,NA,14307,12950,953,NA,NA,28210
110,Coho,Kaliakh River,Southeast,1,1976,8000,NA,8947,7491,682,NA,NA,17120
110,Coho,Kaliakh River,Southeast,0,1977,16500,NA,5176,5359,320,NA,NA,10855
110,Coho,Kaliakh River,Southeast,1,1978,25000,NA,3703,17579,137,NA,NA,21419
110,Coho,Kaliakh River,Southeast,0,1979,14000,NA,14063,7790,196,NA,NA,22049
110,Coho,Kaliakh River,Southeast,1,1980,3000,NA,5740,6480,7105,NA,NA,19325
110,Coho,Kaliakh River,Southeast,1,1981,5000,NA,12959,47365,2340,NA,NA,62664
110,Coho,Kaliakh River,Southeast,1,1982,8000,NA,24472,12871,3611,NA,NA,40954
110,Coho,Kaliakh River,Southeast,1,1983,6000,NA,4290,12865,2449,NA,NA,19604
110,Coho,Kaliakh River,Southeast,1,1984,3500,NA,6094,6059,2116,NA,NA,14269
110,Coho,Kaliakh River,Southeast,1,1985,37500,NA,4383,13079,1345,NA,NA,18807
110,Coho,Kaliakh River,Southeast,1,1986,5200,NA,4039,11533,0,NA,NA,15572
110,Coho,Kaliakh River,Southeast,0,1987,3800,NA,6343,1867,61,NA,NA,8271
110,Coho,Kaliakh River,Southeast,1,1988,2500,NA,3320,3972,791,NA,NA,8083
110,Coho,Kaliakh River,Southeast,0,1989,1000,NA,2077,6213,NA,NA,NA,8290
110,Coho,Kaliakh River,Southeast,0,1990,3450,NA,4293,NA,NA,NA,NA,4293
110,Coho,Kaliakh River,Southeast,0,1991,600,NA,NA,NA,NA,NA,NA,NA
110,Coho,Kaliakh River,Southeast,0,1992,1500,NA,NA,NA,NA,NA,NA,NA
110,Coho,Kaliakh River,Southeast,0,1993,1500,NA,NA,NA,NA,NA,NA,NA
110,Coho,Kaliakh River,Southeast,0,1968,NA,NA,NA,NA,2432,NA,NA,2432
110,Coho,Kaliakh River,Southeast,0,1969,NA,NA,NA,19105,1786,NA,NA,20891
110,Coho,Kaliakh River,Southeast,1,1970,NA,NA,13200,14030,1001,NA,NA,28231
110,Coho,Kaliakh River,Southeast,1,1971,NA,NA,9693,7864,2481,NA,NA,20038
110,Coho,Kaliakh River,Southeast,1,1972,NA,NA,5434,19490,5058,NA,NA,29982
110,Coho,Kaliakh River,Southeast,1,1973,32000,NA,13466,39739,7885,NA,NA,61090
110,Coho,Kaliakh River,Southeast,0,1974,22800,NA,27456,61957,4588,NA,NA,94001
110,Coho,Kaliakh River,Southeast,1,1975,14000,NA,42807,36050,1583,NA,NA,80440
110,Coho,Kaliakh River,Southeast,1,1976,32000,NA,24907,12441,1732,NA,NA,39080
110,Coho,Kaliakh River,Southeast,0,1977,66000,NA,8596,13609,560,NA,NA,22765
110,Coho,Kaliakh River,Southeast,1,1978,100000,NA,9403,30779,317,NA,NA,40499
110,Coho,Kaliakh River,Southeast,0,1979,56000,NA,24623,18050,301,NA,NA,42974
110,Coho,Kaliakh River,Southeast,1,1980,12000,NA,13300,9945,17230,NA,NA,40475
110,Coho,Kaliakh River,Southeast,1,1981,20000,NA,19889,114865,4212,NA,NA,138966
110,Coho,Kaliakh River,Southeast,1,1982,32000,NA,59347,23167,5435,NA,NA,87949
110,Coho,Kaliakh River,Southeast,1,1983,24000,NA,7722,19363,3874,NA,NA,30959
110,Coho,Kaliakh River,Southeast,1,1984,14000,NA,9172,9584,2446,NA,NA,21202
110,Coho,Kaliakh River,Southeast,1,1985,150000,NA,6933,15119,2070,NA,NA,24122
110,Coho,Kaliakh River,Southeast,1,1986,20800,NA,4669,17743,0,NA,NA,22412
110,Coho,Kaliakh River,Southeast,0,1987,15200,NA,9758,2515,106,NA,NA,12379
110,Coho,Kaliakh River,Southeast,1,1988,10000,NA,4472,6897,1106,NA,NA,12475
110,Coho,Kaliakh River,Southeast,0,1989,4000,NA,3607,8688,NA,NA,NA,12295
110,Coho,Kaliakh River,Southeast,0,1990,13800,NA,6003,NA,NA,NA,NA,6003
110,Coho,Kaliakh River,Southeast,0,1991,2400,NA,NA,NA,NA,NA,NA,NA
110,Coho,Kaliakh River,Southeast,0,1992,6000,NA,NA,NA,NA,NA,NA,NA
110,Coho,Kaliakh River,Southeast,0,1993,6000,NA,NA,NA,NA,NA,NA,NA
110,Coho,Kaliakh River,Southeast,0,1968,NA,NA,NA,NA,1312,NA,NA,1312
110,Coho,Kaliakh River,Southeast,0,1969,NA,NA,NA,10305,988,NA,NA,11293
110,Coho,Kaliakh River,Southeast,1,1970,NA,NA,7120,7760,511,NA,NA,15391
110,Coho,Kaliakh River,Southeast,1,1971,NA,NA,5361,4014,1361,NA,NA,10736
110,Coho,Kaliakh River,Southeast,1,1972,NA,NA,2774,10690,2748,NA,NA,16212
110,Coho,Kaliakh River,Southeast,1,1973,16000,NA,7386,21589,4385,NA,NA,33360
110,Coho,Kaliakh River,Southeast,0,1974,11400,NA,14916,34457,2628,NA,NA,52001
110,Coho,Kaliakh River,Southeast,1,1975,7000,NA,23807,20650,1163,NA,NA,45620
110,Coho,Kaliakh River,Southeast,1,1976,16000,NA,14267,9141,1032,NA,NA,24440
110,Coho,Kaliakh River,Southeast,0,1977,33000,NA,6316,8109,400,NA,NA,14825
110,Coho,Kaliakh River,Southeast,1,1978,50000,NA,5603,21979,197,NA,NA,27779
110,Coho,Kaliakh River,Southeast,0,1979,28000,NA,17583,11210,231,NA,NA,29024
110,Coho,Kaliakh River,Southeast,1,1980,6000,NA,8260,7635,10480,NA,NA,26375
110,Coho,Kaliakh River,Southeast,1,1981,10000,NA,15269,69865,2964,NA,NA,88098
110,Coho,Kaliakh River,Southeast,1,1982,16000,NA,36097,16303,4219,NA,NA,56619
110,Coho,Kaliakh River,Southeast,1,1983,12000,NA,5434,15031,2924,NA,NA,23389
110,Coho,Kaliakh River,Southeast,1,1984,7000,NA,7120,7234,2226,NA,NA,16580
110,Coho,Kaliakh River,Southeast,1,1985,75000,NA,5233,13759,1587,NA,NA,20579
110,Coho,Kaliakh River,Southeast,1,1986,10400,NA,4249,13603,0,NA,NA,17852
110,Coho,Kaliakh River,Southeast,0,1987,7600,NA,7481,2083,76,NA,NA,9640
110,Coho,Kaliakh River,Southeast,1,1988,5000,NA,3704,4947,896,NA,NA,9547
110,Coho,Kaliakh River,Southeast,0,1989,2000,NA,2587,7038,NA,NA,NA,9625
110,Coho,Kaliakh River,Southeast,0,1990,6900,NA,4863,NA,NA,NA,NA,4863
110,Coho,Kaliakh River,Southeast,0,1991,1200,NA,NA,NA,NA,NA,NA,NA
110,Coho,Kaliakh River,Southeast,0,1992,3000,NA,NA,NA,NA,NA,NA,NA
110,Coho,Kaliakh River,Southeast,0,1993,3000,NA,NA,NA,NA,NA,NA,NA
110,Coho,Kaliakh River,Southeast,0,1968,NA,NA,NA,NA,938,NA,NA,938
110,Coho,Kaliakh River,Southeast,0,1969,NA,NA,NA,7372,722,NA,NA,8094
110,Coho,Kaliakh River,Southeast,1,1970,NA,NA,5094,5670,348,NA,NA,11112
110,Coho,Kaliakh River,Southeast,1,1971,NA,NA,3917,2731,987,NA,NA,7635
110,Coho,Kaliakh River,Southeast,1,1972,NA,NA,1887,7757,1978,NA,NA,11622
110,Coho,Kaliakh River,Southeast,1,1973,10667,NA,5360,15539,3219,NA,NA,24118
110,Coho,Kaliakh River,Southeast,0,1974,7600,NA,10736,25290,1975,NA,NA,38001
110,Coho,Kaliakh River,Southeast,1,1975,4667,NA,17473,15517,1023,NA,NA,34013
110,Coho,Kaliakh River,Southeast,1,1976,10667,NA,10721,8041,799,NA,NA,19561
110,Coho,Kaliakh River,Southeast,0,1977,22000,NA,5556,6276,346,NA,NA,12178
110,Coho,Kaliakh River,Southeast,1,1978,33333,NA,4336,19046,157,NA,NA,23539
110,Coho,Kaliakh River,Southeast,0,1979,18667,NA,15237,8930,208,NA,NA,24375
110,Coho,Kaliakh River,Southeast,1,1980,4000,NA,6580,6865,8230,NA,NA,21675
110,Coho,Kaliakh River,Southeast,1,1981,6667,NA,13729,54865,2548,NA,NA,71142
110,Coho,Kaliakh River,Southeast,1,1982,10667,NA,28347,14015,3814,NA,NA,46176
110,Coho,Kaliakh River,Southeast,1,1983,8000,NA,4672,13588,2608,NA,NA,20868
110,Coho,Kaliakh River,Southeast,1,1984,4667,NA,6436,6450,2152,NA,NA,15038
110,Coho,Kaliakh River,Southeast,1,1985,50000,NA,4666,13306,1426,NA,NA,19398
110,Coho,Kaliakh River,Southeast,1,1986,6933,NA,4109,12223,0,NA,NA,16332
110,Coho,Kaliakh River,Southeast,0,1987,5067,NA,6722,1939,66,NA,NA,8727
110,Coho,Kaliakh River,Southeast,1,1988,3333,NA,3448,4297,826,NA,NA,8571
110,Coho,Kaliakh River,Southeast,0,1989,1333,NA,2247,6488,NA,NA,NA,8735
110,Coho,Kaliakh River,Southeast,0,1990,4600,NA,4483,NA,NA,NA,NA,4483
110,Coho,Kaliakh River,Southeast,0,1991,800,NA,NA,NA,NA,NA,NA,NA
110,Coho,Kaliakh River,Southeast,0,1992,2000,NA,NA,NA,NA,NA,NA,NA
110,Coho,Kaliakh River,Southeast,0,1993,2000,NA,NA,NA,NA,NA,NA,NA
111,Coho,Lost River,Southeast,0,1967,NA,NA,NA,NA,712,NA,NA,712
111,Coho,Lost River,Southeast,0,1968,NA,NA,NA,5579,426,NA,NA,6005
111,Coho,Lost River,Southeast,1,1969,NA,NA,5579,3340,634,NA,NA,9553
111,Coho,Lost River,Southeast,1,1970,NA,NA,3340,4969,351,NA,NA,8660
111,Coho,Lost River,Southeast,1,1971,NA,NA,4969,2750,461,NA,NA,8180
111,Coho,Lost River,Southeast,1,1972,3800,NA,2750,3608,924,NA,NA,7282
111,Coho,Lost River,Southeast,1,1973,1978,NA,3608,7238,917,NA,NA,11763
111,Coho,Lost River,Southeast,1,1974,2500,NA,7238,7183,1252,NA,NA,15673
111,Coho,Lost River,Southeast,1,1975,1300,NA,7183,9808,1168,NA,NA,18159
111,Coho,Lost River,Southeast,1,1976,1200,NA,9808,9149,1392,NA,NA,20349
111,Coho,Lost River,Southeast,1,1977,4050,NA,9149,10903,0,NA,NA,20052
111,Coho,Lost River,Southeast,1,1978,3450,NA,10903,15527,0,NA,NA,26430
111,Coho,Lost River,Southeast,1,1979,8450,NA,23722,11639,0,NA,NA,35361
111,Coho,Lost River,Southeast,1,1980,5700,NA,18881,7976,469,NA,NA,27326
111,Coho,Lost River,Southeast,1,1981,7363,NA,14179,11718,1768,NA,NA,27665
111,Coho,Lost River,Southeast,1,1982,10400,NA,7265,6945,1924,NA,NA,16134
111,Coho,Lost River,Southeast,1,1983,8110,NA,4294,7845,1395,NA,NA,13534
111,Coho,Lost River,Southeast,1,1984,6780,NA,5772,6339,1168,NA,NA,13279
111,Coho,Lost River,Southeast,1,1985,3300,NA,5325,5604,634,NA,NA,11563
111,Coho,Lost River,Southeast,1,1986,3610,NA,5371,10778,316,NA,NA,16465
111,Coho,Lost River,Southeast,1,1987,5482,NA,8876,3348,1160,NA,NA,13384
111,Coho,Lost River,Southeast,1,1988,2600,NA,2969,9090,1594,NA,NA,13653
111,Coho,Lost River,Southeast,0,1989,2190,NA,9090,12486,NA,NA,NA,21576
111,Coho,Lost River,Southeast,0,1990,9460,NA,12486,NA,NA,NA,NA,12486
111,Coho,Lost River,Southeast,0,1991,1175,NA,NA,NA,NA,NA,NA,NA
111,Coho,Lost River,Southeast,0,1992,4235,NA,NA,NA,NA,NA,NA,NA
111,Coho,Lost River,Southeast,0,1993,5436,NA,NA,NA,NA,NA,NA,NA
111,Coho,Lost River,Southeast,0,1967,NA,NA,NA,NA,1396,NA,NA,1396
111,Coho,Lost River,Southeast,0,1968,NA,NA,NA,10937,782,NA,NA,11719
111,Coho,Lost River,Southeast,1,1969,NA,NA,10937,6129,1084,NA,NA,18150
111,Coho,Lost River,Southeast,1,1970,NA,NA,6129,8494,585,NA,NA,15208
111,Coho,Lost River,Southeast,1,1971,NA,NA,8494,4583,677,NA,NA,13754
111,Coho,Lost River,Southeast,1,1972,15200,NA,4583,5300,1653,NA,NA,11536
111,Coho,Lost River,Southeast,1,1973,7912,NA,5300,12949,1538,NA,NA,19787
111,Coho,Lost River,Southeast,1,1974,10000,NA,12949,12048,2773,NA,NA,27770
111,Coho,Lost River,Southeast,1,1975,5200,NA,12048,21723,2194,NA,NA,35965
111,Coho,Lost River,Southeast,1,1976,4800,NA,21723,17186,2717,NA,NA,41626
111,Coho,Lost River,Southeast,1,1977,16200,NA,17186,21284,0,NA,NA,38470
111,Coho,Lost River,Southeast,1,1978,13800,NA,21284,26759,0,NA,NA,48043
111,Coho,Lost River,Southeast,1,1979,33800,NA,40882,22587,0,NA,NA,63469
111,Coho,Lost River,Southeast,1,1980,22800,NA,36642,13467,667,NA,NA,50776
111,Coho,Lost River,Southeast,1,1981,29452,NA,23942,16668,3284,NA,NA,43894
111,Coho,Lost River,Southeast,1,1982,41600,NA,10334,12902,4062,NA,NA,27298
111,Coho,Lost River,Southeast,1,1983,32440,NA,7976,16561,2253,NA,NA,26790
111,Coho,Lost River,Southeast,1,1984,27120,NA,12186,10239,1825,NA,NA,24250
111,Coho,Lost River,Southeast,1,1985,13200,NA,8601,8758,1485,NA,NA,18844
111,Coho,Lost River,Southeast,1,1986,14440,NA,8393,25252,492,NA,NA,34137
111,Coho,Lost River,Southeast,1,1987,21928,NA,20795,5216,1923,NA,NA,27934
111,Coho,Lost River,Southeast,1,1988,10400,NA,4626,15062,2572,NA,NA,22260
111,Coho,Lost River,Southeast,0,1989,8760,NA,15062,20151,NA,NA,NA,35213
111,Coho,Lost River,Southeast,0,1990,37840,NA,20151,NA,NA,NA,NA,20151
111,Coho,Lost River,Southeast,0,1991,4700,NA,NA,NA,NA,NA,NA,NA
111,Coho,Lost River,Southeast,0,1992,16940,NA,NA,NA,NA,NA,NA,NA
111,Coho,Lost River,Southeast,0,1993,21744,NA,NA,NA,NA,NA,NA,NA
111,Coho,Lost River,Southeast,0,1967,NA,NA,NA,NA,940,NA,NA,940
111,Coho,Lost River,Southeast,0,1968,NA,NA,NA,7365,545,NA,NA,7910
111,Coho,Lost River,Southeast,1,1969,NA,NA,7365,4270,784,NA,NA,12419
111,Coho,Lost River,Southeast,1,1970,NA,NA,4270,6144,429,NA,NA,10843
111,Coho,Lost River,Southeast,1,1971,NA,NA,6144,3361,533,NA,NA,10038
111,Coho,Lost River,Southeast,1,1972,7600,NA,3361,4172,1167,NA,NA,8700
111,Coho,Lost River,Southeast,1,1973,3956,NA,4172,9142,1124,NA,NA,14438
111,Coho,Lost River,Southeast,1,1974,5000,NA,9142,8805,1759,NA,NA,19706
111,Coho,Lost River,Southeast,1,1975,2600,NA,8805,13780,1510,NA,NA,24095
111,Coho,Lost River,Southeast,1,1976,2400,NA,13780,11828,1830,NA,NA,27438
111,Coho,Lost River,Southeast,1,1977,8100,NA,11828,14363,0,NA,NA,26191
111,Coho,Lost River,Southeast,1,1978,6900,NA,14363,19271,0,NA,NA,33634
111,Coho,Lost River,Southeast,1,1979,16900,NA,29442,15288,0,NA,NA,44730
111,Coho,Lost River,Southeast,1,1980,11400,NA,24801,9806,535,NA,NA,35142
111,Coho,Lost River,Southeast,1,1981,14726,NA,17433,13368,2273,NA,NA,33074
111,Coho,Lost River,Southeast,1,1982,20800,NA,8288,8931,2637,NA,NA,19856
111,Coho,Lost River,Southeast,1,1983,16220,NA,5521,10750,1681,NA,NA,17952
111,Coho,Lost River,Southeast,1,1984,13560,NA,7910,7639,1387,NA,NA,16936
111,Coho,Lost River,Southeast,1,1985,6600,NA,6417,6656,918,NA,NA,13991
111,Coho,Lost River,Southeast,1,1986,7220,NA,6378,15602,375,NA,NA,22355
111,Coho,Lost River,Southeast,1,1987,10964,NA,12849,3971,1415,NA,NA,18235
111,Coho,Lost River,Southeast,1,1988,5200,NA,3521,11081,1920,NA,NA,16522
111,Coho,Lost River,Southeast,0,1989,4380,NA,11081,15041,NA,NA,NA,26122
111,Coho,Lost River,Southeast,0,1990,18920,NA,15041,NA,NA,NA,NA,15041
111,Coho,Lost River,Southeast,0,1991,2350,NA,NA,NA,NA,NA,NA,NA
111,Coho,Lost River,Southeast,0,1992,8470,NA,NA,NA,NA,NA,NA,NA
111,Coho,Lost River,Southeast,0,1993,10872,NA,NA,NA,NA,NA,NA,NA
111,Coho,Lost River,Southeast,0,1967,NA,NA,NA,NA,940,NA,NA,940
111,Coho,Lost River,Southeast,0,1968,NA,NA,NA,7365,545,NA,NA,7910
111,Coho,Lost River,Southeast,1,1969,NA,NA,7365,4270,784,NA,NA,12419
111,Coho,Lost River,Southeast,1,1970,NA,NA,4270,6144,429,NA,NA,10843
111,Coho,Lost River,Southeast,1,1971,NA,NA,6144,3361,533,NA,NA,10038
111,Coho,Lost River,Southeast,1,1972,7600,NA,3361,4172,1167,NA,NA,8700
111,Coho,Lost River,Southeast,1,1973,3956,NA,4172,9142,1124,NA,NA,14438
111,Coho,Lost River,Southeast,1,1974,5000,NA,9142,8805,1759,NA,NA,19706
111,Coho,Lost River,Southeast,1,1975,2600,NA,8805,13780,1510,NA,NA,24095
111,Coho,Lost River,Southeast,1,1976,2400,NA,13780,11828,1830,NA,NA,27438
111,Coho,Lost River,Southeast,1,1977,8100,NA,11828,14363,0,NA,NA,26191
111,Coho,Lost River,Southeast,1,1978,6900,NA,14363,19271,0,NA,NA,33634
111,Coho,Lost River,Southeast,1,1979,16900,NA,29442,15288,0,NA,NA,44730
111,Coho,Lost River,Southeast,1,1980,11400,NA,24801,9806,535,NA,NA,35142
111,Coho,Lost River,Southeast,1,1981,14726,NA,17433,13368,2273,NA,NA,33074
111,Coho,Lost River,Southeast,1,1982,20800,NA,8288,8931,2637,NA,NA,19856
111,Coho,Lost River,Southeast,1,1983,16220,NA,5521,10750,1681,NA,NA,17952
111,Coho,Lost River,Southeast,1,1984,13560,NA,7910,7639,1387,NA,NA,16936
111,Coho,Lost River,Southeast,1,1985,6600,NA,6417,6656,918,NA,NA,13991
111,Coho,Lost River,Southeast,1,1986,7220,NA,6378,15602,375,NA,NA,22355
111,Coho,Lost River,Southeast,1,1987,10964,NA,12849,3971,1415,NA,NA,18235
111,Coho,Lost River,Southeast,1,1988,5200,NA,3521,11081,1920,NA,NA,16522
111,Coho,Lost River,Southeast,0,1989,4380,NA,11081,15041,NA,NA,NA,26122
111,Coho,Lost River,Southeast,0,1990,18920,NA,15041,NA,NA,NA,NA,15041
111,Coho,Lost River,Southeast,0,1991,2350,NA,NA,NA,NA,NA,NA,NA
111,Coho,Lost River,Southeast,0,1992,8470,NA,NA,NA,NA,NA,NA,NA
111,Coho,Lost River,Southeast,0,1993,10872,NA,NA,NA,NA,NA,NA,NA
112,Coho,Situk River,Southeast,0,1967,NA,NA,NA,NA,1720,NA,NA,1720
112,Coho,Situk River,Southeast,0,1968,NA,NA,NA,16165,906,NA,NA,17071
112,Coho,Situk River,Southeast,1,1969,NA,NA,16509,8516,2667,NA,NA,27692
112,Coho,Situk River,Southeast,1,1970,NA,NA,8697,25073,1245,NA,NA,35015
112,Coho,Situk River,Southeast,1,1971,NA,NA,25606,11702,1418,NA,NA,38726
112,Coho,Situk River,Southeast,1,1972,5100,NA,11951,13331,2535,NA,NA,27817
112,Coho,Situk River,Southeast,1,1973,1719,NA,13615,23827,2611,NA,NA,40053
112,Coho,Situk River,Southeast,1,1974,4260,NA,24334,24544,1902,NA,NA,50780
112,Coho,Situk River,Southeast,1,1975,4500,NA,25066,17882,2231,NA,NA,45179
112,Coho,Situk River,Southeast,1,1976,3280,NA,18262,20972,3292,NA,NA,42526
112,Coho,Situk River,Southeast,1,1977,3750,NA,21419,30941,2174,NA,NA,54534
112,Coho,Situk River,Southeast,1,1978,3850,NA,31599,33341,356,NA,NA,65296
112,Coho,Situk River,Southeast,1,1979,7000,NA,44938,13156,0,NA,NA,58094
112,Coho,Situk River,Southeast,1,1980,8100,NA,24534,30122,5183,NA,NA,59839
112,Coho,Situk River,Southeast,1,1981,8430,NA,50527,44573,927,NA,NA,96027
112,Coho,Situk River,Southeast,1,1982,9180,NA,42500,17298,3917,NA,NA,63715
112,Coho,Situk River,Southeast,1,1983,5300,NA,9885,25678,11757,NA,NA,47320
112,Coho,Situk River,Southeast,1,1984,14000,NA,15233,51925,6495,NA,NA,73653
112,Coho,Situk River,Southeast,1,1985,6490,NA,36250,27603,1791,NA,NA,65644
112,Coho,Situk River,Southeast,1,1986,3162,NA,34097,20296,7520,NA,NA,61913
112,Coho,Situk River,Southeast,1,1987,2000,NA,22086,60163,8810,NA,NA,91059
112,Coho,Situk River,Southeast,1,1988,11000,NA,51568,82809,11254,NA,NA,145631
112,Coho,Situk River,Southeast,0,1989,3900,NA,84571,105786,NA,NA,NA,190357
112,Coho,Situk River,Southeast,0,1990,1630,NA,108036,NA,NA,NA,NA,108036
112,Coho,Situk River,Southeast,0,1991,7300,NA,NA,NA,NA,NA,NA,NA
112,Coho,Situk River,Southeast,0,1992,13820,NA,NA,NA,NA,NA,NA,NA
112,Coho,Situk River,Southeast,0,1993,10700,NA,NA,NA,NA,NA,NA,NA
112,Coho,Situk River,Southeast,0,1967,NA,NA,NA,NA,2485,NA,NA,2485
112,Coho,Situk River,Southeast,0,1968,NA,NA,NA,23356,1164,NA,NA,24520
112,Coho,Situk River,Southeast,1,1969,NA,NA,23853,10940,3306,NA,NA,38099
112,Coho,Situk River,Southeast,1,1970,NA,NA,11172,31079,1920,NA,NA,44171
112,Coho,Situk River,Southeast,1,1971,NA,NA,31740,18047,1910,NA,NA,51697
112,Coho,Situk River,Southeast,1,1972,20400,NA,18431,17956,3097,NA,NA,39484
112,Coho,Situk River,Southeast,1,1973,6876,NA,18338,29115,3189,NA,NA,50642
112,Coho,Situk River,Southeast,1,1974,17040,NA,29734,29972,2952,NA,NA,62658
112,Coho,Situk River,Southeast,1,1975,18000,NA,30610,27752,3446,NA,NA,61808
112,Coho,Situk River,Southeast,1,1976,13120,NA,28342,32393,4556,NA,NA,65291
112,Coho,Situk River,Southeast,1,1977,15000,NA,33083,42827,3001,NA,NA,78911
112,Coho,Situk River,Southeast,1,1978,15400,NA,43739,46009,515,NA,NA,90263
112,Coho,Situk River,Southeast,1,1979,28000,NA,62012,19039,0,NA,NA,81051
112,Coho,Situk River,Southeast,1,1980,32400,NA,35505,43142,6156,NA,NA,84803
112,Coho,Situk River,Southeast,1,1981,33720,NA,72367,52945,1211,NA,NA,126523
112,Coho,Situk River,Southeast,1,1982,36720,NA,50482,22611,4457,NA,NA,77550
112,Coho,Situk River,Southeast,1,1983,21200,NA,12920,29218,15717,NA,NA,57855
112,Coho,Situk River,Southeast,1,1984,56000,NA,17333,69415,7899,NA,NA,94647
112,Coho,Situk River,Southeast,1,1985,25960,NA,48460,33570,1937,NA,NA,83967
112,Coho,Situk River,Southeast,1,1986,12648,NA,41468,21958,9053,NA,NA,72479
112,Coho,Situk River,Southeast,1,1987,8000,NA,23896,72427,10883,NA,NA,107206
112,Coho,Situk River,Southeast,1,1988,44000,NA,62080,102296,12859,NA,NA,177235
112,Coho,Situk River,Southeast,0,1989,15600,NA,104472,120873,NA,NA,NA,225345
112,Coho,Situk River,Southeast,0,1990,6520,NA,123444,NA,NA,NA,NA,123444
112,Coho,Situk River,Southeast,0,1991,29200,NA,NA,NA,NA,NA,NA,NA
112,Coho,Situk River,Southeast,0,1992,55280,NA,NA,NA,NA,NA,NA,NA
112,Coho,Situk River,Southeast,0,1993,42800,NA,NA,NA,NA,NA,NA,NA
112,Coho,Situk River,Southeast,0,1967,NA,NA,NA,NA,1975,NA,NA,1975
112,Coho,Situk River,Southeast,0,1968,NA,NA,NA,18562,992,NA,NA,19554
112,Coho,Situk River,Southeast,1,1969,NA,NA,18957,9324,2880,NA,NA,31161
112,Coho,Situk River,Southeast,1,1970,NA,NA,9522,27075,1470,NA,NA,38067
112,Coho,Situk River,Southeast,1,1971,NA,NA,27651,13817,1582,NA,NA,43050
112,Coho,Situk River,Southeast,1,1972,10200,NA,14111,14873,2722,NA,NA,31706
112,Coho,Situk River,Southeast,1,1973,3438,NA,15189,25590,2804,NA,NA,43583
112,Coho,Situk River,Southeast,1,1974,8520,NA,26134,26353,2252,NA,NA,54739
112,Coho,Situk River,Southeast,1,1975,9000,NA,26914,21172,2636,NA,NA,50722
112,Coho,Situk River,Southeast,1,1976,6560,NA,21622,24779,3713,NA,NA,50114
112,Coho,Situk River,Southeast,1,1977,7500,NA,25307,34903,2450,NA,NA,62660
112,Coho,Situk River,Southeast,1,1978,7700,NA,35646,37564,409,NA,NA,73619
112,Coho,Situk River,Southeast,1,1979,14000,NA,50629,15117,0,NA,NA,65746
112,Coho,Situk River,Southeast,1,1980,16200,NA,28191,34462,5507,NA,NA,68160
112,Coho,Situk River,Southeast,1,1981,16860,NA,57807,47364,1022,NA,NA,106193
112,Coho,Situk River,Southeast,1,1982,18360,NA,45161,19069,4097,NA,NA,68327
112,Coho,Situk River,Southeast,1,1983,10600,NA,10897,26858,13077,NA,NA,50832
112,Coho,Situk River,Southeast,1,1984,28000,NA,15933,57755,6963,NA,NA,80651
112,Coho,Situk River,Southeast,1,1985,12980,NA,40320,29592,1840,NA,NA,71752
112,Coho,Situk River,Southeast,1,1986,6324,NA,36554,20850,8031,NA,NA,65435
112,Coho,Situk River,Southeast,1,1987,4000,NA,22690,64251,9501,NA,NA,96442
112,Coho,Situk River,Southeast,1,1988,22000,NA,55072,89305,11789,NA,NA,156166
112,Coho,Situk River,Southeast,0,1989,7800,NA,91205,110815,NA,NA,NA,202020
112,Coho,Situk River,Southeast,0,1990,3260,NA,113172,NA,NA,NA,NA,113172
112,Coho,Situk River,Southeast,0,1991,14600,NA,NA,NA,NA,NA,NA,NA
112,Coho,Situk River,Southeast,0,1992,27640,NA,NA,NA,NA,NA,NA,NA
112,Coho,Situk River,Southeast,0,1993,21400,NA,NA,NA,NA,NA,NA,NA
112,Coho,Situk River,Southeast,0,1967,NA,NA,NA,NA,1805,NA,NA,1805
112,Coho,Situk River,Southeast,0,1968,NA,NA,NA,16964,935,NA,NA,17899
112,Coho,Situk River,Southeast,1,1969,NA,NA,17325,8785,2738,NA,NA,28848
112,Coho,Situk River,Southeast,1,1970,NA,NA,8972,25740,1320,NA,NA,36032
112,Coho,Situk River,Southeast,1,1971,NA,NA,26288,12407,1473,NA,NA,40168
112,Coho,Situk River,Southeast,1,1972,6800,NA,12671,13845,2597,NA,NA,29113
112,Coho,Situk River,Southeast,1,1973,2292,NA,14139,24415,2675,NA,NA,41229
112,Coho,Situk River,Southeast,1,1974,5680,NA,24934,25147,2019,NA,NA,52100
112,Coho,Situk River,Southeast,1,1975,6000,NA,25682,18978,2366,NA,NA,47026
112,Coho,Situk River,Southeast,1,1976,4373,NA,19382,22241,3432,NA,NA,45055
112,Coho,Situk River,Southeast,1,1977,5000,NA,22715,32262,2266,NA,NA,57243
112,Coho,Situk River,Southeast,1,1978,5133,NA,32948,34748,373,NA,NA,68069
112,Coho,Situk River,Southeast,1,1979,9333,NA,46835,13810,0,NA,NA,60645
112,Coho,Situk River,Southeast,1,1980,10800,NA,25753,31569,5291,NA,NA,62613
112,Coho,Situk River,Southeast,1,1981,11240,NA,52954,45503,958,NA,NA,99415
112,Coho,Situk River,Southeast,1,1982,12240,NA,43387,17889,3977,NA,NA,65253
112,Coho,Situk River,Southeast,1,1983,7067,NA,10222,26072,12197,NA,NA,48491
112,Coho,Situk River,Southeast,1,1984,18667,NA,15466,53869,6652,NA,NA,75987
112,Coho,Situk River,Southeast,1,1985,8653,NA,37606,28271,1807,NA,NA,67684
112,Coho,Situk River,Southeast,1,1986,4216,NA,34923,20480,7691,NA,NA,63094
112,Coho,Situk River,Southeast,1,1987,2667,NA,22287,61526,9040,NA,NA,92853
112,Coho,Situk River,Southeast,1,1988,14667,NA,52736,84975,11432,NA,NA,149143
112,Coho,Situk River,Southeast,0,1989,5200,NA,86783,107462,NA,NA,NA,194245
112,Coho,Situk River,Southeast,0,1990,2173,NA,109749,NA,NA,NA,NA,109749
112,Coho,Situk River,Southeast,0,1991,9733,NA,NA,NA,NA,NA,NA,NA
112,Coho,Situk River,Southeast,0,1992,18427,NA,NA,NA,NA,NA,NA,NA
112,Coho,Situk River,Southeast,0,1993,14267,NA,NA,NA,NA,NA,NA,NA
113,Coho,Tsiu River,Southeast,0,1968,NA,NA,NA,NA,2879,NA,NA,2879
113,Coho,Tsiu River,Southeast,0,1969,NA,NA,NA,24954,1711,NA,NA,26665
113,Coho,Tsiu River,Southeast,1,1970,NA,NA,20155,14830,550,NA,NA,35535
113,Coho,Tsiu River,Southeast,1,1971,NA,NA,11978,4763,2495,NA,NA,19236
113,Coho,Tsiu River,Southeast,1,1972,NA,NA,3847,21627,2286,NA,NA,27760
113,Coho,Tsiu River,Southeast,1,1973,30000,NA,17468,19809,5379,NA,NA,42656
113,Coho,Tsiu River,Southeast,1,1974,15000,NA,15999,46619,4125,NA,NA,66743
113,Coho,Tsiu River,Southeast,1,1975,8150,NA,37654,35749,3326,NA,NA,76729
113,Coho,Tsiu River,Southeast,1,1976,30000,NA,28874,28825,3562,NA,NA,61261
113,Coho,Tsiu River,Southeast,1,1977,25000,NA,23281,30871,4641,NA,NA,58793
113,Coho,Tsiu River,Southeast,1,1978,40000,NA,24935,61498,937,NA,NA,87370
113,Coho,Tsiu River,Southeast,1,1979,25000,NA,49895,22020,0,NA,NA,71915
113,Coho,Tsiu River,Southeast,1,1980,18000,NA,23895,26839,7478,NA,NA,58212
113,Coho,Tsiu River,Southeast,1,1981,20000,NA,72564,82263,3850,NA,NA,158677
113,Coho,Tsiu River,Southeast,1,1982,40000,NA,59828,20531,9188,NA,NA,89547
113,Coho,Tsiu River,Southeast,1,1983,16500,NA,18392,36139,10657,NA,NA,65188
113,Coho,Tsiu River,Southeast,1,1984,30000,NA,15926,54107,7868,NA,NA,77901
113,Coho,Tsiu River,Southeast,1,1985,52350,NA,17216,53949,2882,NA,NA,74047
113,Coho,Tsiu River,Southeast,1,1986,14100,NA,50577,35734,1167,NA,NA,87478
113,Coho,Tsiu River,Southeast,1,1987,8500,NA,19020,33830,5453,NA,NA,58303
113,Coho,Tsiu River,Southeast,1,1988,16000,NA,23331,66805,5426,NA,NA,95562
113,Coho,Tsiu River,Southeast,0,1989,38000,NA,64078,47023,NA,NA,NA,111101
113,Coho,Tsiu River,Southeast,0,1990,16800,NA,37980,NA,NA,NA,NA,37980
113,Coho,Tsiu River,Southeast,0,1991,16600,NA,NA,NA,NA,NA,NA,NA
113,Coho,Tsiu River,Southeast,0,1992,32700,NA,NA,NA,NA,NA,NA,NA
113,Coho,Tsiu River,Southeast,0,1993,17500,NA,NA,NA,NA,NA,NA,NA
113,Coho,Tsiu River,Southeast,0,1968,NA,NA,NA,NA,8279,NA,NA,8279
113,Coho,Tsiu River,Southeast,0,1969,NA,NA,NA,71754,4491,NA,NA,76245
113,Coho,Tsiu River,Southeast,1,1970,NA,NA,57955,38230,2017,NA,NA,98202
113,Coho,Tsiu River,Southeast,1,1971,NA,NA,30878,17477,7895,NA,NA,56250
113,Coho,Tsiu River,Southeast,1,1972,NA,NA,14116,68427,6786,NA,NA,89329
113,Coho,Tsiu River,Southeast,1,1973,120000,NA,55268,58809,12579,NA,NA,126656
113,Coho,Tsiu River,Southeast,1,1974,60000,NA,47499,109019,8625,NA,NA,165143
113,Coho,Tsiu River,Southeast,1,1975,32600,NA,88054,74749,6526,NA,NA,169329
113,Coho,Tsiu River,Southeast,1,1976,120000,NA,60374,56905,7162,NA,NA,124441
113,Coho,Tsiu River,Southeast,1,1977,100000,NA,45961,62071,9441,NA,NA,117473
113,Coho,Tsiu River,Southeast,1,1978,160000,NA,50135,125098,1927,NA,NA,177160
113,Coho,Tsiu River,Southeast,1,1979,100000,NA,101495,45285,0,NA,NA,146780
113,Coho,Tsiu River,Southeast,1,1980,72000,NA,49140,51139,15331,NA,NA,115610
113,Coho,Tsiu River,Southeast,1,1981,80000,NA,138264,168640,7657,NA,NA,314561
113,Coho,Tsiu River,Southeast,1,1982,160000,NA,122648,40835,13013,NA,NA,176496
113,Coho,Tsiu River,Southeast,1,1983,66000,NA,36581,51184,16897,NA,NA,104662
113,Coho,Tsiu River,Southeast,1,1984,120000,NA,22556,85787,15848,NA,NA,124191
113,Coho,Tsiu River,Southeast,1,1985,209400,NA,27296,108669,5402,NA,NA,141367
113,Coho,Tsiu River,Southeast,1,1986,56400,NA,101877,66982,2163,NA,NA,171022
113,Coho,Tsiu River,Southeast,1,1987,34000,NA,35652,62714,9377,NA,NA,107743
113,Coho,Tsiu River,Southeast,1,1988,64000,NA,43251,114874,8576,NA,NA,166701
113,Coho,Tsiu River,Southeast,0,1989,152000,NA,110185,74323,NA,NA,NA,184508
113,Coho,Tsiu River,Southeast,0,1990,67200,NA,60030,NA,NA,NA,NA,60030
113,Coho,Tsiu River,Southeast,0,1991,66400,NA,NA,NA,NA,NA,NA,NA
113,Coho,Tsiu River,Southeast,0,1992,130800,NA,NA,NA,NA,NA,NA,NA
113,Coho,Tsiu River,Southeast,0,1993,70000,NA,NA,NA,NA,NA,NA,NA
113,Coho,Tsiu River,Southeast,0,1968,NA,NA,NA,NA,4679,NA,NA,4679
113,Coho,Tsiu River,Southeast,0,1969,NA,NA,NA,40554,2611,NA,NA,43165
113,Coho,Tsiu River,Southeast,1,1970,NA,NA,32755,22630,1039,NA,NA,56424
113,Coho,Tsiu River,Southeast,1,1971,NA,NA,18278,9001,4295,NA,NA,31574
113,Coho,Tsiu River,Southeast,1,1972,NA,NA,7270,37227,3786,NA,NA,48283
113,Coho,Tsiu River,Southeast,1,1973,60000,NA,30068,32809,7779,NA,NA,70656
113,Coho,Tsiu River,Southeast,1,1974,30000,NA,26499,67419,5625,NA,NA,99543
113,Coho,Tsiu River,Southeast,1,1975,16300,NA,54454,48749,4406,NA,NA,107609
113,Coho,Tsiu River,Southeast,1,1976,60000,NA,39374,38185,4762,NA,NA,82321
113,Coho,Tsiu River,Southeast,1,1977,50000,NA,30841,41271,6241,NA,NA,78353
113,Coho,Tsiu River,Southeast,1,1978,80000,NA,33335,82698,1267,NA,NA,117300
113,Coho,Tsiu River,Southeast,1,1979,50000,NA,67095,29775,0,NA,NA,96870
113,Coho,Tsiu River,Southeast,1,1980,36000,NA,32310,34939,10096,NA,NA,77345
113,Coho,Tsiu River,Southeast,1,1981,40000,NA,94464,111055,5119,NA,NA,210638
113,Coho,Tsiu River,Southeast,1,1982,80000,NA,80768,27299,10463,NA,NA,118530
113,Coho,Tsiu River,Southeast,1,1983,33000,NA,24455,41154,12737,NA,NA,78346
113,Coho,Tsiu River,Southeast,1,1984,60000,NA,18136,64667,10528,NA,NA,93331
113,Coho,Tsiu River,Southeast,1,1985,104700,NA,20576,72189,3722,NA,NA,96487
113,Coho,Tsiu River,Southeast,1,1986,28200,NA,67677,46150,1499,NA,NA,115326
113,Coho,Tsiu River,Southeast,1,1987,17000,NA,24564,43458,6761,NA,NA,74783
113,Coho,Tsiu River,Southeast,1,1988,32000,NA,29971,82828,6476,NA,NA,119275
113,Coho,Tsiu River,Southeast,0,1989,76000,NA,79447,56123,NA,NA,NA,135570
113,Coho,Tsiu River,Southeast,0,1990,33600,NA,45330,NA,NA,NA,NA,45330
113,Coho,Tsiu River,Southeast,0,1991,33200,NA,NA,NA,NA,NA,NA,NA
113,Coho,Tsiu River,Southeast,0,1992,65400,NA,NA,NA,NA,NA,NA,NA
113,Coho,Tsiu River,Southeast,0,1993,35000,NA,NA,NA,NA,NA,NA,NA
113,Coho,Tsiu River,Southeast,0,1968,NA,NA,NA,NA,3479,NA,NA,3479
113,Coho,Tsiu River,Southeast,0,1969,NA,NA,NA,30154,2011,NA,NA,32165
113,Coho,Tsiu River,Southeast,1,1970,NA,NA,24355,17430,713,NA,NA,42498
113,Coho,Tsiu River,Southeast,1,1971,NA,NA,14078,6176,3095,NA,NA,23349
113,Coho,Tsiu River,Southeast,1,1972,NA,NA,4988,26827,2786,NA,NA,34601
113,Coho,Tsiu River,Southeast,1,1973,40000,NA,21668,24142,6179,NA,NA,51989
113,Coho,Tsiu River,Southeast,1,1974,20000,NA,19499,53552,4625,NA,NA,77676
113,Coho,Tsiu River,Southeast,1,1975,10867,NA,43254,40082,3686,NA,NA,87022
113,Coho,Tsiu River,Southeast,1,1976,40000,NA,32374,31945,3962,NA,NA,68281
113,Coho,Tsiu River,Southeast,1,1977,33333,NA,25801,34338,5175,NA,NA,65314
113,Coho,Tsiu River,Southeast,1,1978,53333,NA,27735,68565,1047,NA,NA,97347
113,Coho,Tsiu River,Southeast,1,1979,33333,NA,55628,24605,0,NA,NA,80233
113,Coho,Tsiu River,Southeast,1,1980,24000,NA,26700,29539,8351,NA,NA,64590
113,Coho,Tsiu River,Southeast,1,1981,26667,NA,79864,91860,4273,NA,NA,175997
113,Coho,Tsiu River,Southeast,1,1982,53333,NA,66808,22787,9613,NA,NA,99208
113,Coho,Tsiu River,Southeast,1,1983,22000,NA,20413,37810,11351,NA,NA,69574
113,Coho,Tsiu River,Southeast,1,1984,40000,NA,16662,57627,8754,NA,NA,83043
113,Coho,Tsiu River,Southeast,1,1985,69800,NA,18336,60029,3162,NA,NA,81527
113,Coho,Tsiu River,Southeast,1,1986,18800,NA,56277,39206,1277,NA,NA,96760
113,Coho,Tsiu River,Southeast,1,1987,11333,NA,20868,37039,5889,NA,NA,63796
113,Coho,Tsiu River,Southeast,1,1988,21333,NA,25544,72146,5776,NA,NA,103466
113,Coho,Tsiu River,Southeast,0,1989,50667,NA,69201,50056,NA,NA,NA,119257
113,Coho,Tsiu River,Southeast,0,1990,22400,NA,40430,NA,NA,NA,NA,40430
113,Coho,Tsiu River,Southeast,0,1991,22133,NA,NA,NA,NA,NA,NA,NA
113,Coho,Tsiu River,Southeast,0,1992,43600,NA,NA,NA,NA,NA,NA,NA
113,Coho,Tsiu River,Southeast,0,1993,23333,NA,NA,NA,NA,NA,NA,NA
