Stock.ID,Species,Stock,Region,UseFlag,BroodYear,Spawners,R2,R3,R4,R5,R6,R7,R8,Recruits
101,Chinook,Ayakulik,Westward,1,1977,4958,NA,407,5063,1698,8647,655,NA,16470
101,Chinook,Ayakulik,Westward,1,1978,4551,NA,1173,833,4314,3480,726,NA,10526
101,Chinook,Ayakulik,Westward,1,1979,4641,NA,282,2539,2434,4752,492,NA,10499
101,Chinook,Ayakulik,Westward,1,1980,935,NA,367,745,1562,1799,294,NA,4767
101,Chinook,Ayakulik,Westward,1,1981,7699,NA,644,3137,3258,6547,1183,NA,14769
101,Chinook,Ayakulik,Westward,1,1982,3230,NA,999,1810,4327,7462,676,NA,15274
101,Chinook,Ayakulik,Westward,1,1983,15366,NA,848,4084,9142,7189,1240,NA,22503
101,Chinook,Ayakulik,Westward,1,1984,6065,NA,1096,4009,4165,6676,1086,NA,17032
101,Chinook,Ayakulik,Westward,1,1985,8075,NA,1595,2694,5288,8351,1083,NA,19011
101,Chinook,Ayakulik,Westward,1,1986,6295,NA,801,2705,5175,6430,1627,NA,16738
101,Chinook,Ayakulik,Westward,1,1987,15510,NA,712,2285,3577,4115,210,NA,10899
101,Chinook,Ayakulik,Westward,1,1988,20770,NA,752,2008,1893,4697,1471,NA,10821
101,Chinook,Ayakulik,Westward,1,1989,15042,NA,977,2823,2346,11744,594,NA,18484
101,Chinook,Ayakulik,Westward,1,1990,10999,NA,97,1016,2813,5964,836,NA,10726
101,Chinook,Ayakulik,Westward,1,1991,12425,NA,987,2804,3465,8500,558,NA,16314
101,Chinook,Ayakulik,Westward,1,1992,8359,NA,996,3465,3104,9788,267,NA,17620
101,Chinook,Ayakulik,Westward,1,1993,6815,NA,573,1578,2551,4754,179,NA,9635
101,Chinook,Ayakulik,Westward,1,1994,8190,NA,1150,2771,8324,10716,589,NA,23550
101,Chinook,Ayakulik,Westward,1,1995,17501,NA,1603,3289,12010,12981,743,NA,30626
101,Chinook,Ayakulik,Westward,1,1996,9925,NA,464,888,3711,3626,127,NA,8816
101,Chinook,Ayakulik,Westward,1,1997,13167,NA,178,1664,4188,3766,710,NA,10506
101,Chinook,Ayakulik,Westward,1,1998,13779,NA,1698,3452,10207,16276,250,NA,31883
101,Chinook,Ayakulik,Westward,1,1999,12894,NA,714,3417,6568,3239,187,NA,14125
101,Chinook,Ayakulik,Westward,1,2000,19724,NA,122,732,3471,1077,1327,NA,6729
101,Chinook,Ayakulik,Westward,1,2001,13361,NA,356,1046,1457,3314,526,NA,6699
101,Chinook,Ayakulik,Westward,1,2002,12190,NA,336,416,1335,1229,151,NA,3467
101,Chinook,Ayakulik,Westward,1,2003,17106,NA,98,380,829,804,350,NA,2461
101,Chinook,Ayakulik,Westward,1,2004,24425,NA,110,397,768,1585,172,NA,3032
101,Chinook,Ayakulik,Westward,1,2005,8175,NA,113,691,1525,1900,85,NA,4314
101,Chinook,Ayakulik,Westward,1,2006,2937,NA,217,1637,1473,2905,169,NA,6401
101,Chinook,Ayakulik,Westward,1,2007,6232,NA,134,730,1172,1880,81,NA,3997
101,Chinook,Ayakulik,Westward,1,2008,3071,NA,120,633,649,428,140,NA,1970
101,Chinook,Ayakulik,Westward,1,2009,2615,NA,48,178,228,617,1070,NA,2141
101,Chinook,Ayakulik,Westward,0,2010,5197,NA,130,192,868,NA,NA,NA,1190
101,Chinook,Ayakulik,Westward,0,2011,4251,NA,72,710,NA,NA,NA,NA,782
101,Chinook,Ayakulik,Westward,0,2012,4744,NA,400,NA,NA,NA,NA,NA,400
101,Chinook,Ayakulik,Westward,0,2013,2354,NA,NA,NA,NA,NA,NA,NA,NA
101,Chinook,Ayakulik,Westward,0,2014,917,NA,NA,NA,NA,NA,NA,NA,NA
101,Chinook,Ayakulik,Westward,0,2015,2392,NA,NA,NA,NA,NA,NA,NA,NA
102,Chinook,Karluk,Westward,1,1976,6436,NA,418,625,2297,3082,721,NA,7143
102,Chinook,Karluk,Westward,1,1977,7973,NA,275,1169,2639,5946,740,NA,10769
102,Chinook,Karluk,Westward,1,1978,9334,NA,409,1018,3685,4115,551,NA,9778
102,Chinook,Karluk,Westward,1,1979,9094,NA,286,1011,2040,2610,409,NA,6356
102,Chinook,Karluk,Westward,1,1980,4349,NA,237,563,1236,1746,345,NA,4127
102,Chinook,Karluk,Westward,1,1981,7114,NA,306,668,1615,2999,558,NA,6146
102,Chinook,Karluk,Westward,1,1982,6693,NA,335,837,2782,5037,621,NA,9612
102,Chinook,Karluk,Westward,1,1983,11442,NA,384,1471,4578,4662,1023,NA,12118
102,Chinook,Karluk,Westward,1,1984,7572,NA,646,2270,3590,7025,1225,NA,14756
102,Chinook,Karluk,Westward,1,1985,4890,NA,732,1278,4046,5966,700,NA,12722
102,Chinook,Karluk,Westward,1,1986,4307,NA,415,1353,3419,3673,124,NA,8984
102,Chinook,Karluk,Westward,1,1987,7731,NA,945,2364,3622,10288,1087,NA,18306
102,Chinook,Karluk,Westward,1,1988,12518,NA,977,1519,5205,10254,1488,NA,19443
102,Chinook,Karluk,Westward,1,1989,9925,NA,481,1376,3487,8521,934,NA,14799
102,Chinook,Karluk,Westward,1,1990,13742,NA,97,1643,2147,5811,879,NA,10577
102,Chinook,Karluk,Westward,1,1991,12423,NA,661,1847,2899,6865,161,NA,12433
102,Chinook,Karluk,Westward,1,1992,8745,NA,454,1915,5248,7907,850,NA,16374
102,Chinook,Karluk,Westward,1,1993,12310,NA,176,1259,1686,5898,150,NA,9169
102,Chinook,Karluk,Westward,1,1994,10566,NA,589,1437,5846,6777,703,NA,15352
102,Chinook,Karluk,Westward,1,1995,11373,NA,203,1270,3531,4554,376,NA,9934
102,Chinook,Karluk,Westward,1,1996,8356,NA,166,472,1543,3248,155,NA,5584
102,Chinook,Karluk,Westward,1,1997,11869,NA,245,173,2848,2012,549,NA,5827
102,Chinook,Karluk,Westward,1,1998,9066,NA,151,2242,5013,5603,240,NA,13249
102,Chinook,Karluk,Westward,1,1999,11297,NA,289,1583,3422,2377,1135,NA,8806
102,Chinook,Karluk,Westward,1,2000,7879,NA,121,459,2111,2905,499,NA,6095
102,Chinook,Karluk,Westward,1,2001,3149,NA,133,521,912,1179,105,NA,2850
102,Chinook,Karluk,Westward,1,2002,6574,NA,162,225,368,533,108,NA,1396
102,Chinook,Karluk,Westward,1,2003,6965,NA,88,107,160,410,334,NA,1099
102,Chinook,Karluk,Westward,1,2004,6805,NA,70,52,497,1332,376,NA,2327
102,Chinook,Karluk,Westward,1,2005,4611,NA,20,256,862,1249,155,NA,2542
102,Chinook,Karluk,Westward,1,2006,3351,NA,53,325,1449,1865,618,NA,4310
102,Chinook,Karluk,Westward,1,2007,1609,NA,34,260,1072,655,132,NA,2153
102,Chinook,Karluk,Westward,1,2008,752,NA,65,209,792,599,115,NA,1780
102,Chinook,Karluk,Westward,1,2009,1306,NA,50,496,548,1076,2170,NA,4340
102,Chinook,Karluk,Westward,0,2010,2916,NA,793,318,1181,NA,NA,NA,2292
102,Chinook,Karluk,Westward,0,2011,3420,NA,119,469,NA,NA,NA,NA,588
102,Chinook,Karluk,Westward,0,2012,3197,NA,178,NA,NA,NA,NA,NA,178
102,Chinook,Karluk,Westward,0,2013,1824,NA,NA,NA,NA,NA,NA,NA,NA
102,Chinook,Karluk,Westward,0,2014,1182,NA,NA,NA,NA,NA,NA,NA,NA
102,Chinook,Karluk,Westward,0,2015,2777,NA,NA,NA,NA,NA,NA,NA,NA
103,Chinook,Chignik,Westward,1,1980,669,NA,129,1430,1692,2695,9.2,NA,5955.2
103,Chinook,Chignik,Westward,1,1981,1396,NA,217,765,2120,1982,3.9,NA,5087.9
103,Chinook,Chignik,Westward,1,1982,2205,NA,116,958,1559,3998,3.2,NA,6634.2
103,Chinook,Chignik,Westward,1,1983,1736,NA,145,704,3145,2983,4.2,NA,6981.2
103,Chinook,Chignik,Westward,1,1984,5341,NA,107,1421,2347,3554,1.4,NA,7430.4
103,Chinook,Chignik,Westward,1,1985,2937,NA,215,1060,2796,2857,2.5,NA,6930.5
103,Chinook,Chignik,Westward,1,1986,3405,NA,161,1263,2247,3056,2.1,NA,6729.1
103,Chinook,Chignik,Westward,1,1987,2417,NA,191,1015,2405,3869,3.2,NA,7483.2
103,Chinook,Chignik,Westward,1,1988,4635,NA,154,1086,2054,1900,1.2,NA,5195.2
103,Chinook,Chignik,Westward,1,1989,3135,NA,165,1007,2475,4677,2.9,NA,8326.9
103,Chinook,Chignik,Westward,1,1990,4157,NA,89,322,1070,2726,1,NA,4208
103,Chinook,Chignik,Westward,1,1991,4338,NA,144,890,1266,2196,1,NA,4497
103,Chinook,Chignik,Westward,1,1992,3599,NA,178,438,1797,1448,1.1,NA,3862.1
103,Chinook,Chignik,Westward,1,1993,1739,NA,0,1098,2224,1791,3.1,NA,5116.1
103,Chinook,Chignik,Westward,1,1994,2809,NA,50,955,2040,1940,1.8,NA,4986.8
103,Chinook,Chignik,Westward,1,1995,4081,NA,239,1822,2083,1425,1.4,NA,5570.4
103,Chinook,Chignik,Westward,1,1996,3278,NA,206,575,1033,1341,1.2,NA,3156.2
103,Chinook,Chignik,Westward,1,1997,3617,NA,144,784,192,856,1.7,NA,1977.7
103,Chinook,Chignik,Westward,1,1998,2868,NA,891,1532,4965,1974,3.3,NA,9365.3
103,Chinook,Chignik,Westward,1,1999,3521,NA,958,2055,5133,2615,3.1,NA,10764.1
103,Chinook,Chignik,Westward,1,2000,4078,NA,1199,2764,6101,1941,3,NA,12008
103,Chinook,Chignik,Westward,1,2001,2785,NA,395,291,2227,923,1.4,NA,3837.4
103,Chinook,Chignik,Westward,1,2002,2821,NA,0,1020,1058,670,1,NA,2749
103,Chinook,Chignik,Westward,1,2003,6205,NA,367,485,769,755,0.4,NA,2376.4
103,Chinook,Chignik,Westward,1,2004,7633,NA,174,352,866,1770,0.4,NA,3162.4
103,Chinook,Chignik,Westward,1,2005,6037,NA,127,397,2030,1399,0.7,NA,3953.7
103,Chinook,Chignik,Westward,1,2006,3175,NA,143,930,1605,606,1,NA,3285
103,Chinook,Chignik,Westward,1,2007,1675,NA,334,735,695,320,1.3,NA,2085.3
103,Chinook,Chignik,Westward,1,2008,1620,NA,264,318,931,606,NA,NA,2119
103,Chinook,Chignik,Westward,0,2009,1590,NA,114,452,1944,NA,NA,NA,2510
103,Chinook,Chignik,Westward,0,2010,3485,NA,80,328,NA,NA,NA,NA,408
103,Chinook,Chignik,Westward,0,2011,2490,NA,379,NA,NA,NA,NA,NA,379
103,Chinook,Chignik,Westward,0,2012,1404,NA,NA,NA,NA,NA,NA,NA,NA
103,Chinook,Chignik,Westward,0,2013,1185,NA,NA,NA,NA,NA,NA,NA,NA
103,Chinook,Chignik,Westward,0,2014,2895,NA,NA,NA,NA,NA,NA,NA,NA
104,Chinook,Nelson,Westward,1,1981,5046,NA,39,893,1380,5439,885,0,8636
104,Chinook,Nelson,Westward,1,1982,6503,NA,0,1823,1242,4065,535,0,7665
104,Chinook,Nelson,Westward,1,1983,12561,NA,20,1406,830,2987,487,0,5730
104,Chinook,Nelson,Westward,1,1984,5412,NA,31,1410,1002,3098,1127,0,6668
104,Chinook,Nelson,Westward,1,1985,4500,NA,13,1389,749,2547,258,0,4956
104,Chinook,Nelson,Westward,1,1986,4757,NA,0,380,2326,1589,312,0,4607
104,Chinook,Nelson,Westward,1,1987,3854,NA,10,1608,1589,7109,815,0,11131
104,Chinook,Nelson,Westward,1,1988,1873,NA,111,1006,1560,4571,384,11,7643
104,Chinook,Nelson,Westward,1,1989,2500,NA,19,434,1063,3319,1193,0,6028
104,Chinook,Nelson,Westward,1,1990,1800,NA,0,1194,394,2398,462,0,4448
104,Chinook,Nelson,Westward,1,1991,4981,NA,102,1406,1655,6000,288,0,9451
104,Chinook,Nelson,Westward,1,1992,2320,NA,0,889,1509,2116,313,25,4852
104,Chinook,Nelson,Westward,1,1993,5160,NA,45,1900,1223,1911,498,147,5724
104,Chinook,Nelson,Westward,1,1994,4552,NA,107,3319,1081,2111,1130,20,7768
104,Chinook,Nelson,Westward,1,1995,2127,NA,211,2197,929,3436,716,0,7489
104,Chinook,Nelson,Westward,1,1996,3967,NA,152,1538,2057,3435,410,0,7592
104,Chinook,Nelson,Westward,0,1997,6902,NA,18,2034,1380,1484,NA,NA,4916
104,Chinook,Nelson,Westward,0,1998,4809,NA,192,2161,859,NA,NA,NA,3212
104,Chinook,Nelson,Westward,0,1999,3907,NA,219,1698,NA,NA,NA,NA,1917
104,Chinook,Nelson,Westward,0,2000,3891,NA,703,NA,NA,NA,NA,NA,703
104,Chinook,Nelson,Westward,0,2001,7088,NA,NA,NA,NA,NA,NA,NA,NA
104,Chinook,Nelson,Westward,0,2002,6750,NA,NA,NA,NA,NA,NA,NA,NA
104,Chinook,Nelson,Westward,0,2003,5154,NA,NA,NA,NA,NA,NA,NA,NA
105,Chinook,Goodnews,AYK,1,1981,3688,0,7,1232,1968,2370,599,0,6176
105,Chinook,Goodnews,AYK,1,1982,1395,0,30,489,1306,2554,228,0,4607
105,Chinook,Goodnews,AYK,1,1983,6027,0,15,495,1209,2136,264,9,4128
105,Chinook,Goodnews,AYK,1,1984,3260,0,16,681,1615,2386,271,0,4969
105,Chinook,Goodnews,AYK,1,1985,2831,0,0,242,899,971,109,0,2221
105,Chinook,Goodnews,AYK,1,1986,2080,0,14,1846,984,1712,207,0,4763
105,Chinook,Goodnews,AYK,1,1987,2272,0,26,578,1231,1561,604,0,4000
105,Chinook,Goodnews,AYK,1,1988,2712,0,0,628,964,2614,49,1,4256
105,Chinook,Goodnews,AYK,1,1989,1915,0,41,949,1781,3846,201,0,6818
105,Chinook,Goodnews,AYK,1,1990,3636,0,17,427,1080,1722,10,0,3256
105,Chinook,Goodnews,AYK,1,1991,1952,0,65,1643,1100,1167,275,0,4250
105,Chinook,Goodnews,AYK,1,1992,1905,0,0,781,358,2034,93,0,3266
105,Chinook,Goodnews,AYK,1,1993,2349,0,30,2114,4044,2743,65,0,8996
105,Chinook,Goodnews,AYK,1,1994,3856,0,24,786,606,1048,234,0,2698
105,Chinook,Goodnews,AYK,1,1995,4836,0,142,1156,3073,4568,145,0,9084
105,Chinook,Goodnews,AYK,1,1996,2931,0,23,813,1278,1526,138,0,3778
105,Chinook,Goodnews,AYK,1,1997,2937,0,28,351,1021,1129,42,0,2571
105,Chinook,Goodnews,AYK,1,1998,4584,0,51,1309,1272,1024,9,0,3665
105,Chinook,Goodnews,AYK,1,1999,3221,0,7,526,1251,1285,107,0,3176
105,Chinook,Goodnews,AYK,1,2000,2500,0,81,2886,3366,1853,152,0,8338
105,Chinook,Goodnews,AYK,1,2001,5351,0,124,1084,1559,2019,181,NA,4967
105,Chinook,Goodnews,AYK,0,2002,3085,0,6,1998,1404,932,NA,NA,4340
105,Chinook,Goodnews,AYK,0,2003,2389,0,66,1945,1460,NA,NA,NA,3471
105,Chinook,Goodnews,AYK,0,2004,4388,0,46,705,NA,NA,NA,NA,751
105,Chinook,Goodnews,AYK,0,2005,4633,0,162,NA,NA,NA,NA,NA,162
105,Chinook,Goodnews,AYK,0,2006,4559,0,NA,NA,NA,NA,NA,NA,0
105,Chinook,Goodnews,AYK,0,2007,3852,0,NA,NA,NA,NA,NA,NA,0
105,Chinook,Goodnews,AYK,0,2008,2158,0,NA,NA,NA,NA,NA,NA,0
106,Chinook,Andrew Creek,Southeast,1,1979,327,NA,NA,74,186,133,11,NA,404
106,Chinook,Andrew Creek,Southeast,1,1980,282,NA,NA,183,146,136,0,NA,465
106,Chinook,Andrew Creek,Southeast,1,1981,536,NA,NA,69,314,220,4,NA,607
106,Chinook,Andrew Creek,Southeast,1,1982,672,NA,NA,49,102,550,18,NA,719
106,Chinook,Andrew Creek,Southeast,1,1983,366,NA,NA,110,279,81,3,NA,473
106,Chinook,Andrew Creek,Southeast,1,1984,389,NA,NA,985,242,104,17,NA,1348
106,Chinook,Andrew Creek,Southeast,0,1985,638,NA,NA,NA,NA,NA,NA,NA,NA
106,Chinook,Andrew Creek,Southeast,0,1986,1414,NA,NA,NA,NA,NA,NA,NA,NA
106,Chinook,Andrew Creek,Southeast,0,1987,1576,NA,NA,NA,NA,NA,NA,NA,NA
106,Chinook,Andrew Creek,Southeast,0,1988,1128,NA,NA,NA,NA,NA,NA,NA,NA
106,Chinook,Andrew Creek,Southeast,0,1989,1060,NA,NA,NA,NA,NA,NA,NA,NA
106,Chinook,Andrew Creek,Southeast,0,1990,1328,NA,NA,NA,NA,NA,NA,NA,NA
106,Chinook,Andrew Creek,Southeast,0,1991,800,NA,NA,NA,NA,NA,NA,NA,NA
106,Chinook,Andrew Creek,Southeast,0,1992,1556,NA,NA,NA,NA,NA,NA,NA,NA
106,Chinook,Andrew Creek,Southeast,0,1993,2120,NA,NA,NA,NA,NA,NA,NA,NA
106,Chinook,Andrew Creek,Southeast,0,1994,1144,NA,NA,NA,NA,NA,NA,NA,NA
106,Chinook,Andrew Creek,Southeast,0,1995,686,NA,NA,NA,NA,NA,NA,NA,NA
106,Chinook,Andrew Creek,Southeast,0,1996,670,NA,NA,NA,NA,NA,NA,NA,NA
106,Chinook,Andrew Creek,Southeast,1,1997,586,NA,NA,59,248,363,4,NA,674
106,Chinook,Andrew Creek,Southeast,1,1998,974,NA,NA,330,272,714,22,NA,1338
106,Chinook,Andrew Creek,Southeast,1,1999,1210,NA,NA,578,504,545,80,NA,1707
106,Chinook,Andrew Creek,Southeast,1,2000,1380,NA,NA,193,891,457,12,NA,1553
106,Chinook,Andrew Creek,Southeast,1,2001,2108,NA,NA,56,917,1194,12,NA,2179
106,Chinook,Andrew Creek,Southeast,1,2002,1752,NA,NA,161,475,1203,35,NA,1874
106,Chinook,Andrew Creek,Southeast,1,2003,1190,NA,NA,203,648,450,43,NA,1344
106,Chinook,Andrew Creek,Southeast,1,2004,3068,NA,NA,689,1540,1330,53,NA,3612
106,Chinook,Andrew Creek,Southeast,0,2005,2030,NA,NA,NA,NA,NA,NA,NA,NA
107,Chinook,Chickamin,Southeast,1,1985,4436,NA,NA,1143,2906,1224,0,NA,5273
107,Chinook,Chickamin,Southeast,1,1986,8097,NA,NA,1204,5736,2397,0,NA,9337
107,Chinook,Chickamin,Southeast,1,1987,4524,NA,NA,1893,2778,1490,55,NA,6216
107,Chinook,Chickamin,Southeast,1,1988,3647,NA,NA,539,2183,1547,44,NA,4313
107,Chinook,Chickamin,Southeast,1,1989,4334,NA,NA,300,1663,2441,249,NA,4653
107,Chinook,Chickamin,Southeast,1,1990,2617,NA,NA,688,593,1738,102,NA,3121
107,Chinook,Chickamin,Southeast,1,1991,2260,NA,NA,784,2279,253,17,NA,3333
107,Chinook,Chickamin,Southeast,1,1992,1605,NA,NA,555,905,551,8,NA,2019
107,Chinook,Chickamin,Southeast,1,1993,1805,NA,NA,302,1242,665,19,NA,2228
107,Chinook,Chickamin,Southeast,1,1994,1800,NA,NA,277,902,873,36,NA,2088
107,Chinook,Chickamin,Southeast,1,1995,2309,NA,NA,274,416,1219,57,NA,1966
107,Chinook,Chickamin,Southeast,1,1996,1587,NA,NA,214,992,527,46,NA,1779
107,Chinook,Chickamin,Southeast,1,1997,1262,NA,NA,269,652,454,28,NA,1403
107,Chinook,Chickamin,Southeast,1,1998,1814,NA,NA,534,1601,213,0,NA,2348
107,Chinook,Chickamin,Southeast,1,1999,2283,NA,NA,600,1094,779,14,NA,2487
107,Chinook,Chickamin,Southeast,1,2000,3717,NA,NA,972,2146,1034,0,NA,4152
107,Chinook,Chickamin,Southeast,1,2001,5177,NA,NA,1080,3778,1190,32,NA,6080
107,Chinook,Chickamin,Southeast,1,2002,5007,NA,NA,1648,2214,1722,25,NA,5609
107,Chinook,Chickamin,Southeast,1,2003,4579,NA,NA,555,3371,1145,21,NA,5092
107,Chinook,Chickamin,Southeast,1,2004,3275,NA,NA,2077,969,1396,16,NA,4458
107,Chinook,Chickamin,Southeast,0,2005,4287,NA,NA,NA,NA,NA,NA,NA,NA
108,Chinook,Chilkat,Southeast,1,1991,5897,NA,NA,1676,4613,6424,219,NA,12932
108,Chinook,Chilkat,Southeast,1,1992,5284,NA,NA,552,2281,2628,81,NA,5542
108,Chinook,Chilkat,Southeast,1,1993,4472,NA,NA,222,1193,1784,32,NA,3231
108,Chinook,Chilkat,Southeast,1,1994,6795,NA,NA,314,627,704,0,NA,1645
108,Chinook,Chilkat,Southeast,1,1995,3790,NA,NA,592,1584,2141,30,NA,4347
108,Chinook,Chilkat,Southeast,1,1996,4920,NA,NA,872,2969,1795,41,NA,5677
108,Chinook,Chilkat,Southeast,1,1997,8100,NA,NA,1047,2763,4075,44,NA,7929
109,Chinook,King Salmon River,Southeast,1,1982,389,NA,NA,16,49,344,0,NA,409
109,Chinook,King Salmon River,Southeast,1,1983,245,NA,NA,39,64,142,39,NA,284
109,Chinook,King Salmon River,Southeast,1,1984,265,NA,NA,94,47,200,18,NA,359
109,Chinook,King Salmon River,Southeast,1,1985,175,NA,NA,32,97,78,0,NA,207
109,Chinook,King Salmon River,Southeast,1,1986,255,NA,NA,95,51,204,0,NA,350
109,Chinook,King Salmon River,Southeast,1,1987,196,NA,NA,16,78,110,8,NA,212
109,Chinook,King Salmon River,Southeast,1,1988,208,NA,NA,14,21,174,7,NA,216
109,Chinook,King Salmon River,Southeast,1,1989,240,NA,NA,14,67,156,15,NA,252
109,Chinook,King Salmon River,Southeast,1,1990,179,NA,NA,12,87,87,6,NA,192
109,Chinook,King Salmon River,Southeast,1,1991,134,NA,NA,0,10,124,0,NA,134
109,Chinook,King Salmon River,Southeast,1,1992,99,NA,NA,25,72,27,0,NA,124
109,Chinook,King Salmon River,Southeast,0,1993,263,NA,NA,NA,NA,NA,NA,NA,NA
109,Chinook,King Salmon River,Southeast,0,1994,210,NA,NA,NA,NA,NA,NA,NA,NA
109,Chinook,King Salmon River,Southeast,0,1995,146,NA,NA,NA,NA,NA,NA,NA,NA
109,Chinook,King Salmon River,Southeast,0,1996,288,NA,NA,NA,NA,NA,NA,NA,NA
109,Chinook,King Salmon River,Southeast,0,1997,357,NA,NA,NA,NA,NA,NA,NA,NA
109,Chinook,King Salmon River,Southeast,0,1998,132,NA,NA,NA,NA,NA,NA,NA,NA
109,Chinook,King Salmon River,Southeast,1,1999,300,NA,NA,47,125,172,0,NA,344
109,Chinook,King Salmon River,Southeast,1,2000,137,NA,NA,36,65,57,4,NA,162
109,Chinook,King Salmon River,Southeast,1,2001,147,NA,NA,51,56,65,0,NA,172
109,Chinook,King Salmon River,Southeast,1,2002,153,NA,NA,14,96,56,0,NA,166
109,Chinook,King Salmon River,Southeast,1,2003,117,NA,NA,62,34,74,0,NA,170
109,Chinook,King Salmon River,Southeast,1,2004,134,NA,NA,10,111,12,6,NA,139
109,Chinook,King Salmon River,Southeast,0,2005,141,NA,NA,NA,NA,NA,NA,NA,NA
110,Chinook,Stikine,Southeast,1,1977,11445,NA,NA,869,8217,5814,154,NA,15054
110,Chinook,Stikine,Southeast,1,1978,6835,NA,NA,1364,3909,2196,151,NA,7620
110,Chinook,Stikine,Southeast,1,1979,12610,NA,NA,4296,14394,15908,313,NA,34911
110,Chinook,Stikine,Southeast,1,1980,30573,NA,NA,1728,4063,13078,1053,NA,19922
110,Chinook,Stikine,Southeast,1,1981,36057,NA,NA,1148,6408,22261,772,NA,30589
110,Chinook,Stikine,Southeast,1,1982,40488,NA,NA,1798,6594,38133,5900,NA,52425
110,Chinook,Stikine,Southeast,1,1983,6424,NA,NA,1830,3949,13538,1595,NA,20912
110,Chinook,Stikine,Southeast,1,1984,13995,NA,NA,1174,10838,25748,979,NA,38739
110,Chinook,Stikine,Southeast,1,1985,16037,NA,NA,845,2286,17213,79,NA,20423
110,Chinook,Stikine,Southeast,1,1986,14889,NA,NA,3175,11437,31968,1674,NA,48254
110,Chinook,Stikine,Southeast,1,1987,24632,NA,NA,2854,8712,58592,3181,NA,73339
110,Chinook,Stikine,Southeast,1,1988,37554,NA,NA,812,6323,31269,2350,NA,40754
110,Chinook,Stikine,Southeast,1,1989,24282,NA,NA,848,4386,13185,135,NA,18554
110,Chinook,Stikine,Southeast,1,1990,22619,NA,NA,1223,5045,9783,167,NA,16218
110,Chinook,Stikine,Southeast,1,1991,23206,NA,NA,5101,26685,28208,692,NA,60686
110,Chinook,Stikine,Southeast,1,1992,34129,NA,NA,1927,9116,22283,985,NA,34311
110,Chinook,Stikine,Southeast,1,1993,58962,NA,NA,1329,7197,15075,544,NA,24145
110,Chinook,Stikine,Southeast,1,1994,33094,NA,NA,2437,11116,13801,207,NA,27561
110,Chinook,Stikine,Southeast,1,1995,16784,NA,NA,6670,18980,16061,468,NA,42179
110,Chinook,Stikine,Southeast,1,1996,28949,NA,NA,14470,52738,42750,176,NA,110134
110,Chinook,Stikine,Southeast,1,1997,26996,NA,NA,772,14686,15663,133,NA,31254
110,Chinook,Stikine,Southeast,0,1998,25968,NA,NA,5528,36062,20559,NA,NA,62149
110,Chinook,Stikine,Southeast,0,1999,19947,NA,NA,11325,36469,NA,NA,NA,47794
110,Chinook,Stikine,Southeast,0,2000,27531,NA,NA,17499,NA,NA,NA,NA,17499
111,Chinook,Unuk,Southeast,1,1982,6528,NA,NA,225,1031,5497,0,NA,6753
111,Chinook,Unuk,Southeast,0,1983,5436,NA,NA,NA,NA,NA,NA,NA,NA
111,Chinook,Unuk,Southeast,1,1984,8876,NA,NA,1041,6026,2918,0,NA,9985
111,Chinook,Unuk,Southeast,1,1985,5721,NA,NA,3103,4819,660,0,NA,8582
111,Chinook,Unuk,Southeast,1,1986,10273,NA,NA,7132,5123,4800,92,NA,17147
111,Chinook,Unuk,Southeast,1,1987,9533,NA,NA,2011,4578,4261,50,NA,10900
111,Chinook,Unuk,Southeast,1,1988,8437,NA,NA,1293,3358,4433,64,NA,9148
111,Chinook,Unuk,Southeast,1,1989,5552,NA,NA,337,2544,2721,80,NA,5682
111,Chinook,Unuk,Southeast,1,1990,2856,NA,NA,1509,707,1526,145,NA,3887
111,Chinook,Unuk,Southeast,1,1991,3165,NA,NA,786,2414,551,38,NA,3789
111,Chinook,Unuk,Southeast,1,1992,4233,NA,NA,1319,1914,2232,30,NA,5495
111,Chinook,Unuk,Southeast,1,1993,5160,NA,NA,568,2241,2797,99,NA,5705
111,Chinook,Unuk,Southeast,0,1994,3435,NA,NA,1044,1382,2124,122,NA,4672
111,Chinook,Unuk,Southeast,1,1995,3730,NA,NA,1616,995,2362,0,NA,4973
111,Chinook,Unuk,Southeast,1,1996,5639,NA,NA,736,3061,2319,187,NA,6303
111,Chinook,Unuk,Southeast,1,1997,2970,NA,NA,916,1240,1408,59,NA,3623
111,Chinook,Unuk,Southeast,1,1998,4132,NA,NA,1269,2595,1207,35,NA,5106
111,Chinook,Unuk,Southeast,1,1999,3914,NA,NA,2427,1918,1581,16,NA,5942
111,Chinook,Unuk,Southeast,1,2000,5872,NA,NA,3140,3499,1447,50,NA,8136
111,Chinook,Unuk,Southeast,1,2001,10541,NA,NA,946,6923,3337,21,NA,11227
111,Chinook,Unuk,Southeast,1,2002,6988,NA,NA,2485,2887,3188,66,NA,8626
111,Chinook,Unuk,Southeast,1,2003,5546,NA,NA,592,3942,1474,46,NA,6054
111,Chinook,Unuk,Southeast,1,2004,3963,NA,NA,2936,1289,1756,19,NA,6000
111,Chinook,Unuk,Southeast,0,2005,4487,NA,NA,NA,NA,NA,NA,NA,NA
112,Chinook,Alsek/Klukshu,Southeast,0,1971,NA,NA,NA,NA,498,1153,0,NA,1651
112,Chinook,Alsek/Klukshu,Southeast,1,1972,NA,NA,NA,122,1357,1235,0,NA,2714
112,Chinook,Alsek/Klukshu,Southeast,1,1973,NA,NA,0,1068,2121,2414,0,NA,5603
112,Chinook,Alsek/Klukshu,Southeast,1,1974,NA,NA,43,421,2655,2008,73,NA,5200
112,Chinook,Alsek/Klukshu,Southeast,1,1975,NA,NA,0,412,1085,1299,2,NA,2798
112,Chinook,Alsek/Klukshu,Southeast,1,1976,1064,NA,0,67,813,1125,0,NA,2005
112,Chinook,Alsek/Klukshu,Southeast,1,1977,2698,NA,0,276,1156,696,28,NA,2156
112,Chinook,Alsek/Klukshu,Southeast,1,1978,2530,NA,0,371,1941,991,0,NA,3303
112,Chinook,Alsek/Klukshu,Southeast,1,1979,3104,NA,29,77,739,661,0,NA,1506
112,Chinook,Alsek/Klukshu,Southeast,1,1980,2487,NA,1,91,812,513,16,NA,1433
112,Chinook,Alsek/Klukshu,Southeast,1,1981,1963,NA,30,156,1955,1086,10,NA,3237
112,Chinook,Alsek/Klukshu,Southeast,1,1982,1969,NA,16,479,1656,1293,6,NA,3450
112,Chinook,Alsek/Klukshu,Southeast,1,1983,2237,NA,1,196,674,1329,9,NA,2209
112,Chinook,Alsek/Klukshu,Southeast,1,1984,1572,NA,2,295,853,768,87,NA,2005
112,Chinook,Alsek/Klukshu,Southeast,1,1985,1283,NA,10,493,1265,1645,2,NA,3415
112,Chinook,Alsek/Klukshu,Southeast,1,1986,2607,NA,0,246,1242,871,17,NA,2376
112,Chinook,Alsek/Klukshu,Southeast,1,1987,2491,NA,4,73,456,1412,49,NA,1994
112,Chinook,Alsek/Klukshu,Southeast,1,1988,1994,NA,7,197,1635,1461,1,NA,3301
112,Chinook,Alsek/Klukshu,Southeast,1,1989,2202,NA,47,387,1514,992,5,NA,2945
112,Chinook,Alsek/Klukshu,Southeast,1,1990,1698,NA,155,1279,5095,1791,NA,NA,8320
112,Chinook,Alsek/Klukshu,Southeast,0,1991,2223,NA,11,511,1773,NA,NA,NA,2295
113,Chinook,Situk,Southeast,1,1977,1732,NA,399,802,199,6,0,NA,1406
113,Chinook,Situk,Southeast,1,1978,808,NA,150,438,313,180,29,NA,1110
113,Chinook,Situk,Southeast,1,1979,1284,NA,156,704,1289,606,0,NA,2755
113,Chinook,Situk,Southeast,1,1980,905,NA,268,1118,895,556,0,NA,2837
113,Chinook,Situk,Southeast,1,1981,702,NA,137,1068,1019,315,0,NA,2539
113,Chinook,Situk,Southeast,1,1982,434,NA,318,973,1299,439,0,NA,3029
113,Chinook,Situk,Southeast,1,1983,592,NA,324,1181,835,93,0,NA,2433
113,Chinook,Situk,Southeast,1,1984,1726,NA,79,290,441,222,3,NA,1035
113,Chinook,Situk,Southeast,1,1985,1521,NA,35,618,488,68,0,NA,1209
113,Chinook,Situk,Southeast,1,1986,2067,NA,225,396,259,305,4,NA,1189
113,Chinook,Situk,Southeast,1,1987,1379,NA,540,1267,1964,314,0,NA,4085
113,Chinook,Situk,Southeast,1,1988,868,NA,491,988,904,289,0,NA,2672
113,Chinook,Situk,Southeast,1,1989,637,NA,544,821,1314,79,0,NA,2758
113,Chinook,Situk,Southeast,1,1990,628,NA,497,2366,2849,461,9,NA,6182
113,Chinook,Situk,Southeast,1,1991,889,NA,2103,11104,3089,124,0,NA,16420
113,Chinook,Situk,Southeast,1,1992,1595,NA,934,3468,2076,29,0,NA,6507
113,Chinook,Situk,Southeast,1,1993,952,NA,1071,3014,893,60,0,NA,5038
113,Chinook,Situk,Southeast,1,1994,1271,NA,1346,2744,1034,50,0,NA,5174
113,Chinook,Situk,Southeast,1,1995,4330,NA,1674,4570,902,69,0,NA,7215
113,Chinook,Situk,Southeast,1,1996,1800,NA,1496,3704,1301,26,0,NA,6527
113,Chinook,Situk,Southeast,1,1997,1878,NA,284,570,207,42,0,NA,1103
113,Chinook,Situk,Southeast,1,1998,924,NA,406,1204,678,190,NA,NA,2478
113,Chinook,Situk,Southeast,0,1999,1461,NA,1557,4912,1322,NA,NA,NA,7791
113,Chinook,Situk,Southeast,0,2000,1785,NA,451,1104,NA,NA,NA,NA,1555
113,Chinook,Situk,Southeast,0,2001,656,NA,624,NA,NA,NA,NA,NA,624
114,Chinook,Keta,Southeast,1,1998,446,NA,0,55,151,234,NA,NA,440
114,Chinook,Keta,Southeast,1,1999,968,NA,13,320,509,126,NA,NA,968
114,Chinook,Keta,Southeast,1,2000,914,NA,12,318,378,206,NA,NA,914
114,Chinook,Keta,Southeast,1,2001,1029,NA,31,217,704,78,NA,NA,1030
114,Chinook,Keta,Southeast,1,2002,1233,NA,0,317,523,393,NA,NA,1233
114,Chinook,Keta,Southeast,1,2003,966,NA,0,186,610,169,NA,NA,965
114,Chinook,Keta,Southeast,1,2004,1128,NA,27,385,358,358,NA,NA,1128
114,Chinook,Keta,Southeast,0,2005,1491,NA,NA,NA,NA,NA,NA,NA,NA
115,Chinook,Blossom,Southeast,1,1998,364,NA,0,70,143,144,NA,NA,357
115,Chinook,Blossom,Southeast,1,1999,848,NA,848,353,354,71,NA,NA,1626
115,Chinook,Blossom,Southeast,1,2000,924,NA,12,318,378,206,NA,NA,914
115,Chinook,Blossom,Southeast,1,2001,816,NA,0,272,317,227,NA,NA,816
115,Chinook,Blossom,Southeast,1,2002,896,NA,0,151,477,268,NA,NA,896
115,Chinook,Blossom,Southeast,1,2003,812,NA,0,90,451,271,NA,NA,812
115,Chinook,Blossom,Southeast,1,2004,734,NA,18,257,295,164,NA,NA,734
115,Chinook,Blossom,Southeast,1,2005,912,NA,9,199,560,140,NA,NA,908
116,Chinook,Kuskokwim,Kuskokwim,0,1976,143420,NA,690,45308,129058,113505,8083,80,296724
116,Chinook,Kuskokwim,Kuskokwim,0,1977,201852,NA,690,29297,53543,67611,8648,101,159890
116,Chinook,Kuskokwim,Kuskokwim,0,1978,180853,NA,913,11960,60005,65851,6057,5,144791
116,Chinook,Kuskokwim,Kuskokwim,0,1979,157668,NA,139,45308,82563,75450,7079,25,210564
116,Chinook,Kuskokwim,Kuskokwim,0,1980,203605,NA,690,30718,62542,48547,8083,7,150587
116,Chinook,Kuskokwim,Kuskokwim,0,1981,279392,NA,367,31815,61274,73190,11616,7,178269
116,Chinook,Kuskokwim,Kuskokwim,0,1982,80353,NA,318,11508,59620,69532,8455,10,149443
116,Chinook,Kuskokwim,Kuskokwim,0,1983,84188,NA,747,45308,98026,120658,6353,318,271410
116,Chinook,Kuskokwim,Kuskokwim,0,1984,99062,NA,690,28540,74608,73818,6458,8,184122
116,Chinook,Kuskokwim,Kuskokwim,1,1985,94365,NA,86,38015,126348,111446,6237,98,282230
116,Chinook,Kuskokwim,Kuskokwim,1,1986,58556,NA,99,55236,74281,100293,11144,10,241063
116,Chinook,Kuskokwim,Kuskokwim,1,1987,89222,NA,3016,26034,95057,100538,7344,9,231998
116,Chinook,Kuskokwim,Kuskokwim,1,1988,80055,NA,155,76148,80987,121227,4768,10,283295
116,Chinook,Kuskokwim,Kuskokwim,1,1989,115704,NA,7088,76113,196566,189574,33107,7,502455
116,Chinook,Kuskokwim,Kuskokwim,1,1990,100614,NA,409,39337,104000,111179,3702,8,258635
116,Chinook,Kuskokwim,Kuskokwim,1,1991,105589,NA,743,61980,128820,144792,6141,7,342483
116,Chinook,Kuskokwim,Kuskokwim,1,1992,153573,NA,163,29341,70614,85859,3859,6,189842
116,Chinook,Kuskokwim,Kuskokwim,1,1993,169816,NA,127,83961,105494,117283,5263,0,312128
116,Chinook,Kuskokwim,Kuskokwim,1,1994,242616,NA,97,16062,53567,56055,11522,0,137303
116,Chinook,Kuskokwim,Kuskokwim,1,1995,225595,NA,293,14894,55987,120178,8318,0,199670
116,Chinook,Kuskokwim,Kuskokwim,1,1996,197092,NA,317,19163,67457,97481,9395,0,193813
116,Chinook,Kuskokwim,Kuskokwim,1,1997,211247,NA,131,24550,88067,80879,4899,0,198526
116,Chinook,Kuskokwim,Kuskokwim,1,1998,113627,NA,0,52214,107444,112376,5089,0,277123
116,Chinook,Kuskokwim,Kuskokwim,1,1999,112082,NA,215,50637,118857,123043,14518,0,307270
116,Chinook,Kuskokwim,Kuskokwim,1,2000,65180,NA,434,150604,170014,121942,7018,0,450012
116,Chinook,Kuskokwim,Kuskokwim,1,2001,145232,NA,1398,67655,92805,98032,5388,0,265278
116,Chinook,Kuskokwim,Kuskokwim,0,2002,164635,NA,801,77048,90865,69006,2659,0,240379
116,Chinook,Kuskokwim,Kuskokwim,1,2003,180687,NA,996,76950,115585,87135,3311,61,284038
116,Chinook,Kuskokwim,Kuskokwim,0,2004,287178,NA,196,46546,77284,40712,1811,25,166574
116,Chinook,Kuskokwim,Kuskokwim,0,2005,275598,NA,542,37652,49797,42534,8083,25,138633
116,Chinook,Kuskokwim,Kuskokwim,0,2006,214004,NA,169,24509,51422,NA,NA,NA,76100
116,Chinook,Kuskokwim,Kuskokwim,0,2007,174943,NA,178,36998,NA,NA,NA,NA,37176
116,Chinook,Kuskokwim,Kuskokwim,0,2008,128978,NA,157,NA,NA,NA,NA,NA,157
116,Chinook,Kuskokwim,Kuskokwim,0,2009,118478,NA,NA,NA,NA,NA,NA,NA,NA
116,Chinook,Kuskokwim,Kuskokwim,0,2010,49073,NA,NA,NA,NA,NA,NA,NA,NA
116,Chinook,Kuskokwim,Kuskokwim,0,2011,72097,NA,NA,NA,NA,NA,NA,NA,NA
117,Chinook,Nushagak,Bristol Bay,0,1959,NA,NA,NA,NA,NA,NA,3168,94,3262
117,Chinook,Nushagak,Bristol Bay,0,1960,NA,NA,NA,NA,NA,69117,12085,125,81327
117,Chinook,Nushagak,Bristol Bay,0,1961,NA,NA,NA,NA,NA,101298,20881,0,122179
117,Chinook,Nushagak,Bristol Bay,1,1962,NA,NA,NA,24102,67032,113952,10463,141,215690
117,Chinook,Nushagak,Bristol Bay,1,1963,NA,NA,0,53707,76329,84512,4666,81,219295
117,Chinook,Nushagak,Bristol Bay,1,1964,NA,NA,0,16550,43979,45941,1505,83,108058
117,Chinook,Nushagak,Bristol Bay,1,1965,NA,NA,715,19594,116181,111471,5047,0,253008
117,Chinook,Nushagak,Bristol Bay,1,1966,81462,NA,123,29152,42741,52165,8122,2309,134612
117,Chinook,Nushagak,Bristol Bay,1,1967,133477,NA,0,13407,24276,69883,41498,481,149545
117,Chinook,Nushagak,Bristol Bay,1,1968,142951,NA,0,19269,27973,112961,15563,0,175766
117,Chinook,Nushagak,Bristol Bay,1,1969,69970,NA,161,2021,24211,52815,4406,0,83614
117,Chinook,Nushagak,Bristol Bay,1,1970,101435,NA,0,2308,99035,122212,7057,1304,231916
117,Chinook,Nushagak,Bristol Bay,1,1971,81237,NA,0,4251,92497,137871,30130,0,264749
117,Chinook,Nushagak,Bristol Bay,1,1972,50156,NA,0,54542,76015,197634,20422,0,348613
117,Chinook,Nushagak,Bristol Bay,1,1973,70130,NA,0,3161,126571,146299,21957,0,297988
117,Chinook,Nushagak,Bristol Bay,1,1974,142535,NA,0,37375,61174,85994,7041,0,191584
117,Chinook,Nushagak,Bristol Bay,1,1975,142791,NA,622,132128,245809,206923,23281,0,608763
117,Chinook,Nushagak,Bristol Bay,1,1976,205273,NA,1187,12794,162995,219891,9779,236,406882
117,Chinook,Nushagak,Bristol Bay,1,1977,132907,NA,0,133157,224311,330577,23654,80,711779
117,Chinook,Nushagak,Bristol Bay,1,1978,268046,NA,3591,38275,73840,87853,36075,68,239702
117,Chinook,Nushagak,Bristol Bay,1,1979,194335,NA,4110,67999,107081,150580,9742,0,339512
117,Chinook,Nushagak,Bristol Bay,1,1980,289040,NA,0,16843,82043,88008,7112,0,194006
117,Chinook,Nushagak,Bristol Bay,1,1981,307527,NA,1437,43485,65724,139122,12808,0,262576
117,Chinook,Nushagak,Bristol Bay,1,1982,300656,NA,2171,2336,66498,55822,10510,0,137337
117,Chinook,Nushagak,Bristol Bay,1,1983,331270,NA,73,18385,38221,95090,2135,0,153904
117,Chinook,Nushagak,Bristol Bay,1,1984,163544,NA,336,28503,49848,40766,3652,0,123105
117,Chinook,Nushagak,Bristol Bay,1,1985,236899,NA,6553,32196,64645,81772,3091,0,188257
117,Chinook,Nushagak,Bristol Bay,1,1986,82777,NA,0,48212,91683,75683,3600,0,219178
117,Chinook,Nushagak,Bristol Bay,1,1987,169562,NA,906,68525,87799,117710,8507,0,283447
117,Chinook,Nushagak,Bristol Bay,1,1988,113006,NA,1085,61287,100816,148698,3254,0,315140
117,Chinook,Nushagak,Bristol Bay,1,1989,158551,NA,4243,60024,122311,124899,4306,0,315783
117,Chinook,Nushagak,Bristol Bay,1,1990,126747,NA,1235,52337,49636,40939,982,0,145129
117,Chinook,Nushagak,Bristol Bay,1,1991,210346,NA,2751,91425,97826,84588,5435,0,282025
117,Chinook,Nushagak,Bristol Bay,1,1992,166965,NA,1912,45459,76219,126924,1317,0,251831
117,Chinook,Nushagak,Bristol Bay,1,1993,197098,NA,4499,83442,198974,76767,3891,0,367573
117,Chinook,Nushagak,Bristol Bay,1,1994,190121,NA,1867,37359,47034,59399,5729,0,151388
117,Chinook,Nushagak,Bristol Bay,1,1995,173014,NA,2190,22871,42788,94165,4710,236,166960
117,Chinook,Nushagak,Bristol Bay,1,1996,102348,NA,974,31377,60853,82265,3111,0,178580
117,Chinook,Nushagak,Bristol Bay,1,1997,165062,NA,523,51344,70337,59862,2472,0,184538
117,Chinook,Nushagak,Bristol Bay,1,1998,235845,NA,1037,70092,101055,108292,2747,0,283223
117,Chinook,Nushagak,Bristol Bay,1,1999,123906,NA,1515,59814,154724,113227,1651,0,330931
117,Chinook,Nushagak,Bristol Bay,1,2000,110682,NA,648,86335,139908,84305,512,0,311708
117,Chinook,Nushagak,Bristol Bay,1,2001,184317,NA,107,51126,75272,30367,343,0,157215
117,Chinook,Nushagak,Bristol Bay,1,2002,174704,NA,236,56007,36759,26678,201,0,119881
117,Chinook,Nushagak,Bristol Bay,1,2003,158307,NA,797,56171,79856,41394,661,0,178879
117,Chinook,Nushagak,Bristol Bay,1,2004,233475,NA,1269,20537,38378,18145,220,0,78549
117,Chinook,Nushagak,Bristol Bay,1,2005,223950,NA,1032,37065,41043,30818,338,NA,110296
117,Chinook,Nushagak,Bristol Bay,0,2006,117364,NA,492,31417,55957,39338,NA,NA,127204
117,Chinook,Nushagak,Bristol Bay,0,2007,50960,NA,2411,56676,102411,NA,NA,NA,161498
117,Chinook,Nushagak,Bristol Bay,0,2008,91364,NA,1125,53036,NA,NA,NA,NA,54161
117,Chinook,Nushagak,Bristol Bay,0,2009,74781,NA,1423,NA,NA,NA,NA,NA,1423
117,Chinook,Nushagak,Bristol Bay,0,2010,56088,NA,NA,NA,NA,NA,NA,NA,NA
117,Chinook,Nushagak,Bristol Bay,0,2011,102258,NA,NA,NA,NA,NA,NA,NA,NA
118,Chinook,Kenai (early),Cook Inlet,0,1979,NA,NA,NA,NA,NA,NA,2156,0,2156
118,Chinook,Kenai (early),Cook Inlet,0,1980,NA,NA,NA,NA,NA,9349,682,53,10084
118,Chinook,Kenai (early),Cook Inlet,0,1981,NA,NA,NA,NA,11384,14709,2237,0,28330
118,Chinook,Kenai (early),Cook Inlet,1,1982,NA,NA,NA,4191,9859,14914,1706,0,30670
118,Chinook,Kenai (early),Cook Inlet,1,1983,NA,NA,NA,393,3302,12819,684,0,17198
118,Chinook,Kenai (early),Cook Inlet,1,1984,NA,NA,NA,373,2791,6409,566,0,10139
118,Chinook,Kenai (early),Cook Inlet,1,1985,NA,NA,NA,749,2851,7116,537,0,11253
118,Chinook,Kenai (early),Cook Inlet,1,1986,18682,NA,NA,775,2451,5906,731,0,9863
118,Chinook,Kenai (early),Cook Inlet,1,1987,11780,NA,NA,801,2891,12852,894,0,17438
118,Chinook,Kenai (early),Cook Inlet,1,1988,5331,NA,NA,826,5665,13173,1072,0,20736
118,Chinook,Kenai (early),Cook Inlet,1,1989,9449,NA,NA,792,3741,15296,499,0,20328
118,Chinook,Kenai (early),Cook Inlet,1,1990,8494,NA,NA,651,4482,14479,159,0,19771
118,Chinook,Kenai (early),Cook Inlet,1,1991,8834,NA,NA,1072,6776,9035,294,0,17177
118,Chinook,Kenai (early),Cook Inlet,1,1992,7610,NA,NA,1854,5254,3824,80,0,11012
118,Chinook,Kenai (early),Cook Inlet,1,1993,10293,NA,NA,637,3432,9787,73,0,13929
118,Chinook,Kenai (early),Cook Inlet,1,1994,9947,NA,NA,1765,13845,5865,341,NA,21816
118,Chinook,Kenai (early),Cook Inlet,0,1995,11310,NA,NA,2069,5505,8948,NA,NA,16522
118,Chinook,Kenai (early),Cook Inlet,0,1996,16595,NA,NA,1159,4687,NA,NA,NA,5846
118,Chinook,Kenai (early),Cook Inlet,0,1997,8176,NA,NA,2898,NA,NA,NA,NA,2898
118,Chinook,Kenai (early),Cook Inlet,0,1998,7760,NA,NA,NA,NA,NA,NA,NA,NA
118,Chinook,Kenai (early),Cook Inlet,0,1999,17276,NA,NA,NA,NA,NA,NA,NA,NA
118,Chinook,Kenai (early),Cook Inlet,0,2000,10476,NA,NA,NA,NA,NA,NA,NA,NA
118,Chinook,Kenai (early),Cook Inlet,0,2001,14075,NA,NA,NA,NA,NA,NA,NA,NA
119,Chinook,Kenai (late),Cook Inlet,0,1978,NA,NA,NA,NA,NA,NA,NA,16,16
119,Chinook,Kenai (late),Cook Inlet,0,1979,NA,NA,NA,NA,NA,NA,3363,100,3463
119,Chinook,Kenai (late),Cook Inlet,0,1980,NA,NA,NA,NA,NA,30619,897,0,31516
119,Chinook,Kenai (late),Cook Inlet,0,1981,NA,NA,NA,NA,33456,46725,9572,95,89848
119,Chinook,Kenai (late),Cook Inlet,0,1982,NA,NA,NA,12071,21884,51941,4766,0,90662
119,Chinook,Kenai (late),Cook Inlet,1,1983,NA,NA,311,4279,4288,25639,1945,0,36462
119,Chinook,Kenai (late),Cook Inlet,1,1984,NA,NA,596,2284,6039,25600,2489,0,37008
119,Chinook,Kenai (late),Cook Inlet,1,1985,NA,NA,497,4655,6589,27787,1297,0,40825
119,Chinook,Kenai (late),Cook Inlet,1,1986,47375,NA,150,5742,7485,30275,3806,15,47473
119,Chinook,Kenai (late),Cook Inlet,1,1987,34900,NA,66,4058,8429,48736,3880,9,65178
119,Chinook,Kenai (late),Cook Inlet,1,1988,32137,NA,50,3840,10579,53638,3635,0,71742
119,Chinook,Kenai (late),Cook Inlet,1,1989,19256,NA,300,6148,8617,28431,614,0,44110
119,Chinook,Kenai (late),Cook Inlet,1,1990,26508,NA,439,5224,13835,28635,945,0,49078
119,Chinook,Kenai (late),Cook Inlet,1,1991,26695,NA,718,13296,18303,36065,1312,NA,69694
119,Chinook,Kenai (late),Cook Inlet,1,1992,22524,NA,436,5447,13140,27138,2625,NA,48786
119,Chinook,Kenai (late),Cook Inlet,1,1993,33738,NA,621,3513,6399,35414,1223,NA,47170
119,Chinook,Kenai (late),Cook Inlet,1,1994,35065,NA,1025,6749,13393,30500,1052,NA,52719
119,Chinook,Kenai (late),Cook Inlet,1,1995,31255,NA,708,8967,16240,26363,1505,NA,53783
119,Chinook,Kenai (late),Cook Inlet,1,1996,30907,NA,375,2373,7868,28171,501,NA,39288
119,Chinook,Kenai (late),Cook Inlet,1,1997,26297,NA,435,7262,12037,24218,1048,NA,45000
119,Chinook,Kenai (late),Cook Inlet,1,1998,26768,NA,901,10862,12538,41812,2334,NA,68447
119,Chinook,Kenai (late),Cook Inlet,1,1999,34962,NA,2092,21293,25354,44452,4206,NA,97397
119,Chinook,Kenai (late),Cook Inlet,1,2000,29627,NA,1210,14088,13551,24041,3270,NA,56160
119,Chinook,Kenai (late),Cook Inlet,0,2001,17947,NA,1960,9564,8346,NA,NA,NA,19870
119,Chinook,Kenai (late),Cook Inlet,0,2002,30464,NA,763,14315,NA,NA,NA,NA,15078
119,Chinook,Kenai (late),Cook Inlet,0,2003,23736,NA,1906,NA,NA,NA,NA,NA,1906
120,Chinook,Unalakleet,Norton Sound,0,1989,NA,NA,NA,NA,NA,NA,702,NA,702
120,Chinook,Unalakleet,Norton Sound,0,1990,NA,NA,NA,NA,NA,4109,249,NA,4358
120,Chinook,Unalakleet,Norton Sound,0,1991,NA,NA,NA,NA,4611,13469,2286,NA,20366
120,Chinook,Unalakleet,Norton Sound,1,1992,NA,NA,NA,301,3492,9634,864,NA,14291
120,Chinook,Unalakleet,Norton Sound,1,1993,NA,NA,301,7732,4409,6069,667,NA,19178
120,Chinook,Unalakleet,Norton Sound,1,1994,NA,NA,0,0,3187,2426,391,NA,6004
120,Chinook,Unalakleet,Norton Sound,1,1995,NA,NA,0,1983,2972,4611,484,NA,10050
120,Chinook,Unalakleet,Norton Sound,1,1996,3101,NA,61,0,313,3400,458,NA,4232
120,Chinook,Unalakleet,Norton Sound,1,1997,10842,NA,0,2501,1785,3220,431,NA,7937
120,Chinook,Unalakleet,Norton Sound,1,1998,5440,NA,0,1111,1691,3030,282,NA,6114
120,Chinook,Unalakleet,Norton Sound,0,1999,6860,NA,34,1052,1591,4066,NA,NA,6743
120,Chinook,Unalakleet,Norton Sound,0,2000,2710,NA,32,990,791,NA,NA,NA,1813
120,Chinook,Unalakleet,Norton Sound,0,2001,4640,NA,30,508,NA,NA,NA,NA,538
120,Chinook,Unalakleet,Norton Sound,0,2002,3899,NA,0,NA,NA,NA,NA,NA,0
120,Chinook,Unalakleet,Norton Sound,0,2003,3762,NA,NA,NA,NA,NA,NA,NA,NA
120,Chinook,Unalakleet,Norton Sound,0,2004,2915,NA,NA,NA,NA,NA,NA,NA,NA
120,Chinook,Unalakleet,Norton Sound,0,2005,2630,NA,NA,NA,NA,NA,NA,NA,NA
