"stock","species","broodyear","recruits","spawners"
"Puyallup","Pink-Odd",1959,35762,14000
"Puyallup","Pink-Odd",1961,115338,10000
"Puyallup","Pink-Odd",1963,36145,10221
"Puyallup","Pink-Odd",1965,45313,25131
"Puyallup","Pink-Odd",1967,24152,22038
"Puyallup","Pink-Odd",1969,66498,16003
"Puyallup","Pink-Odd",1971,32721,40000
"Puyallup","Pink-Odd",1973,38204,12194
"Puyallup","Pink-Odd",1975,57846,11800
"Puyallup","Pink-Odd",1977,111968,29429
"Puyallup","Pink-Odd",1979,37940,29481
"Puyallup","Pink-Odd",1981,25827,12115
"Puyallup","Pink-Odd",1983,54789,11600
"Puyallup","Pink-Odd",1985,48423,34100
"Puyallup","Pink-Odd",1987,113178,34400
"Puyallup","Pink-Odd",1989,24600,49850
"Puyallup","Pink-Odd",1991,14312,14000
"Puyallup","Pink-Odd",1993,27926,10069
"Puyallup","Pink-Odd",1995,3703,17596
"Puyallup","Pink-Odd",1997,4832,2732
"Puyallup","Pink-Odd",1999,18875,4653
"Puyallup","Pink-Odd",2001,213130,16577
"Puyallup","Pink-Odd",2003,323833,191515
"Puyallup","Pink-Odd",2005,471705,287230
"Puyallup","Pink-Odd",2007,1502355,417767
"Puyallup","Pink-Odd",2009,1034234,1203364
"Puyallup","Pink-Odd",2011,869920,792785
"Puyallup","Pink-Odd",2013,832550,596693
"Puyallup","Pink-Odd",2015,104208,626096
"Puyallup","Pink-Odd",2017,570753,85374
"Puyallup","Pink-Odd",2019,610026,515546
"Hood Canal","Pink-Odd",1959,44967,30500
"Hood Canal","Pink-Odd",1961,901739,36800
"Hood Canal","Pink-Odd",1963,221037,503000
"Hood Canal","Pink-Odd",1965,501233,160000
"Hood Canal","Pink-Odd",1967,60227,269000
"Hood Canal","Pink-Odd",1969,143701,42000
"Hood Canal","Pink-Odd",1971,72276,104000
"Hood Canal","Pink-Odd",1973,19748,46500
"Hood Canal","Pink-Odd",1975,81580,12500
"Hood Canal","Pink-Odd",1977,76320,44000
"Hood Canal","Pink-Odd",1979,12426,37100
"Hood Canal","Pink-Odd",1981,29372,6450
"Hood Canal","Pink-Odd",1983,91463,25000
"Hood Canal","Pink-Odd",1985,81812,63800
"Hood Canal","Pink-Odd",1987,120813,62100
"Hood Canal","Pink-Odd",1989,166550,60800
"Hood Canal","Pink-Odd",1991,39519,118200
"Hood Canal","Pink-Odd",1993,36244,35326
"Hood Canal","Pink-Odd",1995,9685,31286
"Hood Canal","Pink-Odd",1997,12981,8299
"Hood Canal","Pink-Odd",1999,104022,12663
"Hood Canal","Pink-Odd",2001,40521,98261
"Hood Canal","Pink-Odd",2003,17954,37462
"Hood Canal","Pink-Odd",2005,30709,17442
"Hood Canal","Pink-Odd",2007,11673,28964
"Hood Canal","Pink-Odd",2009,15524,10797
"Hood Canal","Pink-Odd",2011,203323,14275
"Hood Canal","Pink-Odd",2013,591671,191676
"Hood Canal","Pink-Odd",2015,28561,549512
"Hood Canal","Pink-Odd",2017,57157,27174
"Hood Canal","Pink-Odd",2019,466969,55297
"Snohomish","Pink-Odd",1959,82669,85000
"Snohomish","Pink-Odd",1961,983024,50168
"Snohomish","Pink-Odd",1963,303210,275042
"Snohomish","Pink-Odd",1965,210943,185015
"Snohomish","Pink-Odd",1967,109266,95013
"Snohomish","Pink-Odd",1969,191706,70009
"Snohomish","Pink-Odd",1971,207379,125000
"Snohomish","Pink-Odd",1973,129011,110000
"Snohomish","Pink-Odd",1975,237583,65751
"Snohomish","Pink-Odd",1977,404441,125990
"Snohomish","Pink-Odd",1979,205267,180724
"Snohomish","Pink-Odd",1981,265291,90096
"Snohomish","Pink-Odd",1983,565630,198283
"Snohomish","Pink-Odd",1985,244729,302192
"Snohomish","Pink-Odd",1987,329570,152418
"Snohomish","Pink-Odd",1989,292600,80149
"Snohomish","Pink-Odd",1991,125514,174000
"Snohomish","Pink-Odd",1993,169436,1e+05
"Snohomish","Pink-Odd",1995,147012,101600
"Snohomish","Pink-Odd",1997,253347,103537
"Snohomish","Pink-Odd",1999,1195100,237057
"Snohomish","Pink-Odd",2001,1648022,1073369
"Snohomish","Pink-Odd",2003,541646,1392568
"Snohomish","Pink-Odd",2005,1259510,482245
"Snohomish","Pink-Odd",2007,2517254,1143695
"Snohomish","Pink-Odd",2009,897289,1929839
"Snohomish","Pink-Odd",2011,3054656,433326
"Snohomish","Pink-Odd",2013,569619,1907088
"Snohomish","Pink-Odd",2015,72484,389446
"Snohomish","Pink-Odd",2017,628168,57491
"Snohomish","Pink-Odd",2019,849784,595953
"Dungeness","Pink-Odd",1959,83783,40000
"Dungeness","Pink-Odd",1961,638225,70000
"Dungeness","Pink-Odd",1963,101214,4e+05
"Dungeness","Pink-Odd",1965,206141,75000
"Dungeness","Pink-Odd",1967,20471,95000
"Dungeness","Pink-Odd",1969,62553,14400
"Dungeness","Pink-Odd",1971,71434,46000
"Dungeness","Pink-Odd",1973,36419,47000
"Dungeness","Pink-Odd",1975,65109,24300
"Dungeness","Pink-Odd",1977,115931,35700
"Dungeness","Pink-Odd",1979,6184,50100
"Dungeness","Pink-Odd",1981,5712,2900
"Dungeness","Pink-Odd",1983,6559,4888
"Dungeness","Pink-Odd",1985,2308,4730
"Dungeness","Pink-Odd",1987,15663,1906
"Dungeness","Pink-Odd",1989,13887,10902
"Dungeness","Pink-Odd",1991,1861,9895
"Dungeness","Pink-Odd",1993,9460,1695
"Dungeness","Pink-Odd",1995,5615,8252
"Dungeness","Pink-Odd",1997,7332,4935
"Dungeness","Pink-Odd",1999,81138,7306
"Dungeness","Pink-Odd",2001,15461,80344
"Dungeness","Pink-Odd",2003,8779,15116
"Dungeness","Pink-Odd",2005,6359,8667
"Dungeness","Pink-Odd",2007,44172,6223
"Dungeness","Pink-Odd",2009,29315,41477
"Dungeness","Pink-Odd",2011,414684,27405
"Dungeness","Pink-Odd",2013,357071,394016
"Dungeness","Pink-Odd",2015,18441,337616
"Dungeness","Pink-Odd",2017,49618,17753
"Dungeness","Pink-Odd",2019,160226,48233
"Stillaguamish","Pink-Odd",1959,205979,125000
"Stillaguamish","Pink-Odd",1961,2287418,125000
"Stillaguamish","Pink-Odd",1963,303185,640000
"Stillaguamish","Pink-Odd",1965,233114,185000
"Stillaguamish","Pink-Odd",1967,117056,105000
"Stillaguamish","Pink-Odd",1969,306729,75000
"Stillaguamish","Pink-Odd",1971,65984,2e+05
"Stillaguamish","Pink-Odd",1973,58918,35000
"Stillaguamish","Pink-Odd",1975,71653,30000
"Stillaguamish","Pink-Odd",1977,299923,38000
"Stillaguamish","Pink-Odd",1979,46884,135000
"Stillaguamish","Pink-Odd",1981,168700,18000
"Stillaguamish","Pink-Odd",1983,374856,126100
"Stillaguamish","Pink-Odd",1985,188426,2e+05
"Stillaguamish","Pink-Odd",1987,339913,119000
"Stillaguamish","Pink-Odd",1989,146866,70400
"Stillaguamish","Pink-Odd",1991,131730,86000
"Stillaguamish","Pink-Odd",1993,310020,110000
"Stillaguamish","Pink-Odd",1995,128134,208000
"Stillaguamish","Pink-Odd",1997,237809,88572
"Stillaguamish","Pink-Odd",1999,854506,224486
"Stillaguamish","Pink-Odd",2001,217964,774279
"Stillaguamish","Pink-Odd",2003,125761,184433
"Stillaguamish","Pink-Odd",2005,258475,117879
"Stillaguamish","Pink-Odd",2007,1216236,239896
"Stillaguamish","Pink-Odd",2009,339463,952534
"Stillaguamish","Pink-Odd",2011,389454,179577
"Stillaguamish","Pink-Odd",2013,125497,246481
"Stillaguamish","Pink-Odd",2015,22411,91228
"Stillaguamish","Pink-Odd",2017,58209,21462
"Stillaguamish","Pink-Odd",2019,250162,55322
"Skagit","Pink-Odd",1959,615898,2e+05
"Skagit","Pink-Odd",1961,5008979,4e+05
"Skagit","Pink-Odd",1963,266258,1190000
"Skagit","Pink-Odd",1965,243063,150000
"Skagit","Pink-Odd",1967,155912,1e+05
"Skagit","Pink-Odd",1969,499705,1e+05
"Skagit","Pink-Odd",1971,510767,300555
"Skagit","Pink-Odd",1973,212626,251181
"Skagit","Pink-Odd",1975,934557,103135
"Skagit","Pink-Odd",1977,1146601,504924
"Skagit","Pink-Odd",1979,408984,300384
"Skagit","Pink-Odd",1981,556769,100268
"Skagit","Pink-Odd",1983,1320537,470128
"Skagit","Pink-Odd",1985,1162609,710030
"Skagit","Pink-Odd",1987,1443525,593535
"Skagit","Pink-Odd",1989,708469,401300
"Skagit","Pink-Odd",1991,782503,351000
"Skagit","Pink-Odd",1993,1716170,530000
"Skagit","Pink-Odd",1995,140873,857000
"Skagit","Pink-Odd",1997,353892,60000
"Skagit","Pink-Odd",1999,1200342,320000
"Skagit","Pink-Odd",2001,876931,894061
"Skagit","Pink-Odd",2003,85276,567080
"Skagit","Pink-Odd",2005,315038,60000
"Skagit","Pink-Odd",2007,1585213,3e+05
"Skagit","Pink-Odd",2009,1027540,1110000
"Skagit","Pink-Odd",2011,1624838,560000
"Skagit","Pink-Odd",2013,412901,9e+05
"Skagit","Pink-Odd",2015,117877,290000
"Skagit","Pink-Odd",2017,309481,110000
"Skagit","Pink-Odd",2019,619972,3e+05
"Nooksack","Pink-Odd",1959,182400,30000
"Nooksack","Pink-Odd",1961,591801,1e+05
"Nooksack","Pink-Odd",1963,31244,150000
"Nooksack","Pink-Odd",1965,62741,15251
"Nooksack","Pink-Odd",1967,31759,20000
"Nooksack","Pink-Odd",1969,69924,15000
"Nooksack","Pink-Odd",1971,203146,40000
"Nooksack","Pink-Odd",1973,105782,75000
"Nooksack","Pink-Odd",1975,58222,36000
"Nooksack","Pink-Odd",1977,141271,25000
"Nooksack","Pink-Odd",1979,56041,3100
"Nooksack","Pink-Odd",1981,83007,15000
"Nooksack","Pink-Odd",1983,40138,60000
"Nooksack","Pink-Odd",1985,47614,23000
"Nooksack","Pink-Odd",1987,212294,37000
"Nooksack","Pink-Odd",1989,58262,136000
"Nooksack","Pink-Odd",1991,63098,24000
"Nooksack","Pink-Odd",1993,260726,56000
"Nooksack","Pink-Odd",1995,30971,220000
"Nooksack","Pink-Odd",1997,97851,26000
"Nooksack","Pink-Odd",1999,240729,95000
"Nooksack","Pink-Odd",2001,53973,226000
"Nooksack","Pink-Odd",2003,5622,51000
"Nooksack","Pink-Odd",2005,10181,3700
"Nooksack","Pink-Odd",2007,51202,9300
"Nooksack","Pink-Odd",2009,60676,45000
"Nooksack","Pink-Odd",2011,328351,49000
"Nooksack","Pink-Odd",2013,336360,224000
"Nooksack","Pink-Odd",2015,32568,247000
"Nooksack","Pink-Odd",2017,69662,24000
"Nooksack","Pink-Odd",2019,130045,50000
"Nisqually","Pink-Odd",1959,8764,4000
"Nisqually","Pink-Odd",1961,19593,5000
"Nisqually","Pink-Odd",1963,9057,9000
"Nisqually","Pink-Odd",1965,17416,4000
"Nisqually","Pink-Odd",1967,6295,7000
"Nisqually","Pink-Odd",1969,20545,3500
"Nisqually","Pink-Odd",1971,25160,10000
"Nisqually","Pink-Odd",1973,13645,8000
"Nisqually","Pink-Odd",1975,10690,6000
"Nisqually","Pink-Odd",1977,4654,5200
"Nisqually","Pink-Odd",1979,1281,1300
"Nisqually","Pink-Odd",1981,1178,500
"Nisqually","Pink-Odd",1983,1440,500
"Nisqually","Pink-Odd",1985,12576,500
"Nisqually","Pink-Odd",1987,22582,7700
"Nisqually","Pink-Odd",1989,3213,12300
"Nisqually","Pink-Odd",1991,690,1900
"Nisqually","Pink-Odd",1993,892,500
"Nisqually","Pink-Odd",1995,46,579
"Nisqually","Pink-Odd",1997,11,1
"Nisqually","Pink-Odd",1999,1,1
"Nisqually","Pink-Odd",2001,517,1
"Nisqually","Pink-Odd",2003,1063,1
"Nisqually","Pink-Odd",2005,1452,581
"Nisqually","Pink-Odd",2007,14978,1000
"Nisqually","Pink-Odd",2009,853033,12300
"Nisqually","Pink-Odd",2011,921434,765447
"Nisqually","Pink-Odd",2013,204814,815887
"Nisqually","Pink-Odd",2015,9492,162148
"Nisqually","Pink-Odd",2017,425527,6801
"Nisqually","Pink-Odd",2019,94429,406029
"S South Misc.","Pink-Odd",1959,122,100
"S South Misc.","Pink-Odd",1961,368,100
"S South Misc.","Pink-Odd",1963,719,200
"S South Misc.","Pink-Odd",1965,813,500
"S South Misc.","Pink-Odd",1967,452,400
"S South Misc.","Pink-Odd",1969,720,300
"S South Misc.","Pink-Odd",1971,975,500
"S South Misc.","Pink-Odd",1973,174,600
"S South Misc.","Pink-Odd",1975,1419,100
"S South Misc.","Pink-Odd",1977,2374,700
"S South Misc.","Pink-Odd",1979,429,800
"S South Misc.","Pink-Odd",1981,241,100
"S South Misc.","Pink-Odd",1983,195,100
"S South Misc.","Pink-Odd",1985,142,100
"S South Misc.","Pink-Odd",1987,98,100
"S South Misc.","Pink-Odd",1989,83,50
"S South Misc.","Pink-Odd",1991,66,50
"S South Misc.","Pink-Odd",1993,71,50
"S South Misc.","Pink-Odd",1995,326,31
"S South Misc.","Pink-Odd",1997,20,233
"S South Misc.","Pink-Odd",1999,174,17
"S South Misc.","Pink-Odd",2001,204,114
"S South Misc.","Pink-Odd",2003,107,186
"S South Misc.","Pink-Odd",2005,143,95
"S South Misc.","Pink-Odd",2007,1852,129
"S South Misc.","Pink-Odd",2009,585,1492
"S South Misc.","Pink-Odd",2011,1648,315
"S South Misc.","Pink-Odd",2013,827,1147
"S South Misc.","Pink-Odd",2015,93,607
"S South Misc.","Pink-Odd",2017,31,86
"S South Misc.","Pink-Odd",2019,161,14
"Fraser","Pink-Odd",1961,6460055,1092561
"Fraser","Pink-Odd",1963,1889246,1954038
"Fraser","Pink-Odd",1965,5482350,1194099
"Fraser","Pink-Odd",1967,2319887,1831219
"Fraser","Pink-Odd",1969,12962791,1530913
"Fraser","Pink-Odd",1971,3931461,1804952
"Fraser","Pink-Odd",1973,9763328,1754261
"Fraser","Pink-Odd",1975,6803984,1367089
"Fraser","Pink-Odd",1977,4893955,2387811
"Fraser","Pink-Odd",1979,8209485,3560654
"Fraser","Pink-Odd",1981,14404120,4488336
"Fraser","Pink-Odd",1983,18684689,4631721
"Fraser","Pink-Odd",1985,15346097,6460950
"Fraser","Pink-Odd",1987,19038024,3223521
"Fraser","Pink-Odd",1989,7171773,7189201
"Fraser","Pink-Odd",1991,16484275,12942835
"Fraser","Pink-Odd",1993,22173639,10768335
"Fraser","Pink-Odd",1995,16983498,7174584
"Fraser","Pink-Odd",1997,12903708,2842108
"Fraser","Pink-Odd",1999,8175964,3444982
"Fraser","Pink-Odd",2001,3608265,19813620
"Fraser","Pink-Odd",2003,21261774,22181030
"Fraser","Pink-Odd",2005,24250000,8809624
"Fraser","Pink-Odd",2007,9870000,7650052
"Fraser","Pink-Odd",2009,8490000,15428836
"Fraser","Pink-Odd",2011,19936153,12784508
"Fraser","Pink-Odd",2013,20645120,9344490
"Fraser","Pink-Odd",2015,15897819,5315845
"Fraser","Pink-Odd",2017,5812085,3392159
"Fraser","Pink-Odd",2019,3563091,8307419
"Fraser","Pink-Odd",2021,8858203,7827445
"S SEAK","Pink-Even",1960,18018178,1645698
"S SEAK","Pink-Even",1962,18498952,7277750
"S SEAK","Pink-Even",1964,24066918,7241005
"S SEAK","Pink-Even",1966,22660571,8505363
"S SEAK","Pink-Even",1968,11799014,7466695
"S SEAK","Pink-Even",1970,15278598,6428255
"S SEAK","Pink-Even",1972,9844298,6125953
"S SEAK","Pink-Even",1974,13648641,5623493
"S SEAK","Pink-Even",1976,28963338,8486705
"S SEAK","Pink-Even",1978,25022308,10538360
"S SEAK","Pink-Even",1980,23055870,12098035
"S SEAK","Pink-Even",1982,38863370,10094798
"S SEAK","Pink-Even",1984,73580617,19186855
"S SEAK","Pink-Even",1986,17230952,28561160
"S SEAK","Pink-Even",1988,39534645,8176163
"S SEAK","Pink-Even",1990,32723774,12851393
"S SEAK","Pink-Even",1992,34227825,13714198
"S SEAK","Pink-Even",1994,83426596,13167560
"S SEAK","Pink-Even",1996,41128808,29750273
"S SEAK","Pink-Even",1998,25882720,17380043
"S SEAK","Pink-Even",2000,45432341,13505943
"S SEAK","Pink-Even",2002,41564106,22113080
"S SEAK","Pink-Even",2004,14086080,20639850
"S SEAK","Pink-Even",2006,29374172,10818898
"S SEAK","Pink-Even",2008,28551949,15735923
"S SEAK","Pink-Odd",1961,11375279,3051815
"S SEAK","Pink-Odd",1963,11499633,6239135
"S SEAK","Pink-Odd",1965,4335653,5789175
"S SEAK","Pink-Odd",1967,5491593,3694113
"S SEAK","Pink-Odd",1969,13509162,4292453
"S SEAK","Pink-Odd",1971,10606553,7249918
"S SEAK","Pink-Odd",1973,11491835,6048048
"S SEAK","Pink-Odd",1975,23897761,8158853
"S SEAK","Pink-Odd",1977,15575736,12599508
"S SEAK","Pink-Odd",1979,25227802,8585955
"S SEAK","Pink-Odd",1981,47769995,11702868
"S SEAK","Pink-Odd",1983,55599110,16308113
"S SEAK","Pink-Odd",1985,15904992,24886955
"S SEAK","Pink-Odd",1987,64093613,11273663
"S SEAK","Pink-Odd",1989,57573643,18330133
"S SEAK","Pink-Odd",1991,55400184,14076368
"S SEAK","Pink-Odd",1993,60780765,16181233
"S SEAK","Pink-Odd",1995,30225545,19465300
"S SEAK","Pink-Odd",1997,67046610,14927440
"S SEAK","Pink-Odd",1999,79477238,28189610
"S SEAK","Pink-Odd",2001,53720970,27465698
"S SEAK","Pink-Odd",2003,52353479,24443423
"S SEAK","Pink-Odd",2005,58255286,23489198
"S SEAK","Pink-Odd",2007,44429724,26478430
"N SEAK Outside","Pink-Even",1960,399494,344205
"N SEAK Outside","Pink-Even",1962,404449,334630
"N SEAK Outside","Pink-Even",1964,159136,328803
"N SEAK Outside","Pink-Even",1966,111655,130035
"N SEAK Outside","Pink-Even",1968,213220,51895
"N SEAK Outside","Pink-Even",1970,356042,145265
"N SEAK Outside","Pink-Even",1972,532619,306308
"N SEAK Outside","Pink-Even",1974,758496,470398
"N SEAK Outside","Pink-Even",1976,956662,652855
"N SEAK Outside","Pink-Even",1978,639867,794675
"N SEAK Outside","Pink-Even",1980,2033582,530225
"N SEAK Outside","Pink-Even",1982,3397864,1530970
"N SEAK Outside","Pink-Even",1984,1040062,2123058
"N SEAK Outside","Pink-Even",1986,484093,827743
"N SEAK Outside","Pink-Even",1988,933788,417488
"N SEAK Outside","Pink-Even",1990,1747889,745900
"N SEAK Outside","Pink-Even",1992,4296109,1315178
"N SEAK Outside","Pink-Even",1994,5736249,3300273
"N SEAK Outside","Pink-Even",1996,9561585,3878028
"N SEAK Outside","Pink-Even",1998,6389979,3708033
"N SEAK Outside","Pink-Even",2000,8748619,3832783
"N SEAK Outside","Pink-Even",2002,7728965,5741703
"N SEAK Outside","Pink-Even",2004,7438618,5469000
"N SEAK Outside","Pink-Even",2006,6163691,4895000
"N SEAK Outside","Pink-Even",2008,8820148,4325598
"N SEAK Outside","Pink-Odd",1961,3349217,875088
"N SEAK Outside","Pink-Odd",1963,1566842,2049505
"N SEAK Outside","Pink-Odd",1965,626930,948288
"N SEAK Outside","Pink-Odd",1967,1189566,500073
"N SEAK Outside","Pink-Odd",1969,665671,1052220
"N SEAK Outside","Pink-Odd",1971,1150367,573925
"N SEAK Outside","Pink-Odd",1973,1826656,891608
"N SEAK Outside","Pink-Odd",1975,6468894,1260848
"N SEAK Outside","Pink-Odd",1977,5872272,4270718
"N SEAK Outside","Pink-Odd",1979,6424193,4060198
"N SEAK Outside","Pink-Odd",1981,5645863,3676025
"N SEAK Outside","Pink-Odd",1983,10032670,3089278
"N SEAK Outside","Pink-Odd",1985,1483886,4401620
"N SEAK Outside","Pink-Odd",1987,2014204,1055085
"N SEAK Outside","Pink-Odd",1989,2178632,1103323
"N SEAK Outside","Pink-Odd",1991,2128693,1804080
"N SEAK Outside","Pink-Odd",1993,5134410,1071388
"N SEAK Outside","Pink-Odd",1995,7595470,3379848
"N SEAK Outside","Pink-Odd",1997,8007840,4837720
"N SEAK Outside","Pink-Odd",1999,7936232,5364505
"N SEAK Outside","Pink-Odd",2001,7398788,5932160
"N SEAK Outside","Pink-Odd",2003,11292515,5506903
"N SEAK Outside","Pink-Odd",2005,10038371,6271490
"N SEAK Outside","Pink-Odd",2007,5912584,5765000
"N SEAK Inside","Pink-Even",1960,4036435,2603720
"N SEAK Inside","Pink-Even",1962,11443558,3612000
"N SEAK Inside","Pink-Even",1964,10570049,4236930
"N SEAK Inside","Pink-Even",1966,16161773,5811193
"N SEAK Inside","Pink-Even",1968,10316097,6339855
"N SEAK Inside","Pink-Even",1970,8678387,5139565
"N SEAK Inside","Pink-Even",1972,3817647,5490673
"N SEAK Inside","Pink-Even",1974,1811216,3215913
"N SEAK Inside","Pink-Even",1976,7315369,1773183
"N SEAK Inside","Pink-Even",1978,5396335,4695440
"N SEAK Inside","Pink-Even",1980,16962625,4073700
"N SEAK Inside","Pink-Even",1982,9193765,6193753
"N SEAK Inside","Pink-Even",1984,5443673,5460488
"N SEAK Inside","Pink-Even",1986,6666315,4512388
"N SEAK Inside","Pink-Even",1988,12470006,4702210
"N SEAK Inside","Pink-Even",1990,25200367,7031375
"N SEAK Inside","Pink-Even",1992,51319856,9700373
"N SEAK Inside","Pink-Even",1994,20793396,16114790
"N SEAK Inside","Pink-Even",1996,25125652,11730148
"N SEAK Inside","Pink-Even",1998,14877704,12279220
"N SEAK Inside","Pink-Even",2000,32670749,9562700
"N SEAK Inside","Pink-Even",2002,35156466,13681525
"N SEAK Inside","Pink-Even",2004,15687678,13030943
"N SEAK Inside","Pink-Even",2006,4114695,9891978
"N SEAK Inside","Pink-Even",2008,14567041,3682113
"N SEAK Inside","Pink-Odd",1961,19905504,5142980
"N SEAK Inside","Pink-Odd",1963,8948648,7304115
"N SEAK Inside","Pink-Odd",1965,4681142,4402965
"N SEAK Inside","Pink-Odd",1967,7035923,2372728
"N SEAK Inside","Pink-Odd",1969,8563571,3564400
"N SEAK Inside","Pink-Odd",1971,5182151,5640305
"N SEAK Inside","Pink-Odd",1973,1537448,3557618
"N SEAK Inside","Pink-Odd",1975,4413971,1486515
"N SEAK Inside","Pink-Odd",1977,8558649,4083868
"N SEAK Inside","Pink-Odd",1979,7074903,6538365
"N SEAK Inside","Pink-Odd",1981,8808287,4447430
"N SEAK Inside","Pink-Odd",1983,26463995,5307143
"N SEAK Inside","Pink-Odd",1985,12183728,10873548
"N SEAK Inside","Pink-Odd",1987,20096174,6977443
"N SEAK Inside","Pink-Odd",1989,27237043,7371055
"N SEAK Inside","Pink-Odd",1991,26396047,9187708
"N SEAK Inside","Pink-Odd",1993,12765594,9386440
"N SEAK Inside","Pink-Odd",1995,23293970,7925135
"N SEAK Inside","Pink-Odd",1997,61411893,12469155
"N SEAK Inside","Pink-Odd",1999,26186616,25094123
"N SEAK Inside","Pink-Odd",2001,35144673,13178575
"N SEAK Inside","Pink-Odd",2003,41940069,13847370
"N SEAK Inside","Pink-Odd",2005,20600744,16703888
"N SEAK Inside","Pink-Odd",2007,19358942,11854573
"Situk","Pink-Even",1962,242739,210000
"Situk","Pink-Even",1964,16025,210000
"Situk","Pink-Even",1972,63679,30000
"Situk","Pink-Even",1974,45972,60000
"Situk","Pink-Even",1976,373412,38081
"Situk","Pink-Even",1978,294300,360000
"Situk","Pink-Even",1980,47049,250000
"Situk","Pink-Even",1982,127154,40300
"Situk","Pink-Even",1984,261183,113161
"Situk","Pink-Even",1986,97466,255000
"Situk","Pink-Even",1988,553506,78753
"Situk","Pink-Even",1990,25647,525000
"Situk","Pink-Odd",1965,267536,90000
"Situk","Pink-Odd",1967,37847,240000
"Situk","Pink-Odd",1969,30180,34500
"Situk","Pink-Odd",1971,254217,27184
"Situk","Pink-Odd",1973,142236,240000
"Situk","Pink-Odd",1975,208086,133800
"Situk","Pink-Odd",1977,482701,177712
"Situk","Pink-Odd",1979,332867,450000
"Situk","Pink-Odd",1981,194910,3e+05
"Situk","Pink-Odd",1983,378244,183577
"Situk","Pink-Odd",1985,84483,366000
"Situk","Pink-Odd",1987,338340,72000
"Situk","Pink-Odd",1989,195343,288246
"Humpy","Pink-Even",1962,35852,69000
"Humpy","Pink-Even",1972,6039,4890
"Humpy","Pink-Even",1974,33189,6000
"Humpy","Pink-Even",1976,30497,14016
"Humpy","Pink-Even",1978,126111,15000
"Humpy","Pink-Even",1980,27421,30000
"Humpy","Pink-Even",1982,48610,26100
"Humpy","Pink-Even",1984,31259,48000
"Humpy","Pink-Even",1986,126575,30699
"Humpy","Pink-Even",1988,42967,30000
"Humpy","Pink-Even",1990,15330,41400
"Humpy","Pink-Even",1992,33287,13500
"Humpy","Pink-Odd",1973,109207,3969
"Humpy","Pink-Odd",1975,75097,39000
"Humpy","Pink-Odd",1977,155238,36000
"Humpy","Pink-Odd",1979,304130,45000
"Humpy","Pink-Odd",1981,101371,210000
"Humpy","Pink-Odd",1983,227280,90000
"Humpy","Pink-Odd",1985,6118,225000
"Humpy","Pink-Odd",1987,65634,6000
"Humpy","Pink-Odd",1989,24206,60600
"Humpy","Pink-Odd",1991,39171,24150
"PWS","Pink-Even",1960,12527895,3872483
"PWS","Pink-Even",1962,9486942,5785579
"PWS","Pink-Even",1964,6779607,5280046
"PWS","Pink-Even",1966,5767850,4080189
"PWS","Pink-Even",1968,5617393,3315682
"PWS","Pink-Even",1970,1893028,2807397
"PWS","Pink-Even",1972,3195677,1838245
"PWS","Pink-Even",1974,5061072,2746904
"PWS","Pink-Even",1976,5335368,2042081
"PWS","Pink-Even",1978,16058329,2165671
"PWS","Pink-Even",1980,20246569,3139455
"PWS","Pink-Even",1982,27866302,5301370
"PWS","Pink-Even",1984,7404669,10234627
"PWS","Pink-Even",1986,3580072,2826646
"PWS","Pink-Even",1988,15231063,2784300
"PWS","Pink-Even",1990,2418285,3543306
"PWS","Pink-Even",1992,7297728,1555439
"PWS","Pink-Even",1994,7269432,4040370
"PWS","Pink-Even",1996,7925573,4252683
"PWS","Pink-Even",1998,10487301,4071402
"PWS","Pink-Even",2000,3025531,4756388
"PWS","Pink-Even",2002,8675473,2704063
"PWS","Pink-Even",2004,5537896,5737165
"PWS","Pink-Even",2006,3900803,3413995
"PWS","Pink-Even",2008,7899360,2472530
"PWS","Pink-Odd",1961,9182247,6304415
"PWS","Pink-Odd",1963,5258510,3886869
"PWS","Pink-Odd",1965,5041076,2798039
"PWS","Pink-Odd",1967,5988470,2414736
"PWS","Pink-Odd",1969,10500614,1159891
"PWS","Pink-Odd",1971,5568948,3189650
"PWS","Pink-Odd",1973,8081131,3512070
"PWS","Pink-Odd",1975,8649844,3628326
"PWS","Pink-Odd",1977,22753414,4351110
"PWS","Pink-Odd",1979,23613324,8319888
"PWS","Pink-Odd",1981,15307092,6210777
"PWS","Pink-Odd",1983,24321751,5742850
"PWS","Pink-Odd",1985,15628835,6731643
"PWS","Pink-Odd",1987,7046989,3934108
"PWS","Pink-Odd",1989,10766782,3536915
"PWS","Pink-Odd",1991,3532463,4947798
"PWS","Pink-Odd",1993,6156249,3055161
"PWS","Pink-Odd",1995,5244801,3412225
"PWS","Pink-Odd",1997,14003294,4078807
"PWS","Pink-Odd",1999,12589343,7060958
"PWS","Pink-Odd",2001,12659282,5735052
"PWS","Pink-Odd",2003,25874686,8161502
"PWS","Pink-Odd",2005,14344498,13578314
"PWS","Pink-Odd",2007,6240186,4326643
"PWS","Pink-Odd",2009,16975186,5245478
"S CIn","Pink-Even",1976,122800,52800
"S CIn","Pink-Even",1978,260200,70700
"S CIn","Pink-Even",1980,145500,129900
"S CIn","Pink-Even",1982,154100,70300
"S CIn","Pink-Even",1984,197400,98400
"S CIn","Pink-Even",1986,43800,77900
"S CIn","Pink-Even",1988,58292,38300
"S CIn","Pink-Even",1990,31449,54782
"S CIn","Pink-Even",1992,43936,29535
"S CIn","Pink-Even",1994,30845,38536
"S CIn","Pink-Even",1996,56425,26757
"S CIn","Pink-Even",1998,86096,49027
"S CIn","Pink-Even",2000,65292,75897
"S CIn","Pink-Even",2002,85795,63989
"S CIn","Pink-Even",2004,118413,85708
"S CIn","Pink-Even",2006,144354,118413
"S CIn","Pink-Even",2008,96572,144354
"S CIn","Pink-Odd",1977,661500,121700
"S CIn","Pink-Odd",1979,544000,243700
"S CIn","Pink-Odd",1981,184100,177700
"S CIn","Pink-Odd",1983,149200,132700
"S CIn","Pink-Odd",1985,35400,139800
"S CIn","Pink-Odd",1987,211700,34200
"S CIn","Pink-Odd",1989,47621,119200
"S CIn","Pink-Odd",1991,81997,47356
"S CIn","Pink-Odd",1993,159689,79374
"S CIn","Pink-Odd",1995,129750,137782
"S CIn","Pink-Odd",1997,26449,117414
"S CIn","Pink-Odd",1999,47607,24986
"S CIn","Pink-Odd",2001,128722,42722
"S CIn","Pink-Odd",2003,192637,125991
"S CIn","Pink-Odd",2005,123394,192358
"S CIn","Pink-Odd",2007,19826,123394
"S CIn","Pink-Odd",2009,47901,19826
"Outer CIn","Pink-Even",1976,118800,15800
"Outer CIn","Pink-Even",1978,223400,55200
"Outer CIn","Pink-Even",1980,109600,86900
"Outer CIn","Pink-Even",1982,187500,53000
"Outer CIn","Pink-Even",1984,397400,102900
"Outer CIn","Pink-Even",1986,57400,93400
"Outer CIn","Pink-Even",1988,331855,51500
"Outer CIn","Pink-Even",1990,68121,140696
"Outer CIn","Pink-Even",1992,81778,68021
"Outer CIn","Pink-Even",1994,184211,80178
"Outer CIn","Pink-Even",1996,504294,184211
"Outer CIn","Pink-Even",1998,775357,416368
"Outer CIn","Pink-Even",2000,864060,469090
"Outer CIn","Pink-Even",2002,231818,409965
"Outer CIn","Pink-Even",2004,1529905,190261
"Outer CIn","Pink-Even",2006,789378,409460
"Outer CIn","Pink-Even",2008,476849,321797
"Outer CIn","Pink-Odd",1977,2223900,231200
"Outer CIn","Pink-Odd",1979,1672000,322600
"Outer CIn","Pink-Odd",1981,312700,219200
"Outer CIn","Pink-Odd",1983,609100,137900
"Outer CIn","Pink-Odd",1985,32700,132100
"Outer CIn","Pink-Odd",1987,152900,29700
"Outer CIn","Pink-Odd",1989,557081,143200
"Outer CIn","Pink-Odd",1991,348091,200192
"Outer CIn","Pink-Odd",1993,300415,215819
"Outer CIn","Pink-Odd",1995,419239,138122
"Outer CIn","Pink-Odd",1997,78156,292179
"Outer CIn","Pink-Odd",1999,370606,78156
"Outer CIn","Pink-Odd",2001,1046345,344419
"Outer CIn","Pink-Odd",2003,697011,789129
"Outer CIn","Pink-Odd",2005,567757,586816
"Outer CIn","Pink-Odd",2007,1280443,453581
"Outer CIn","Pink-Odd",2009,352021,427406
"Kamishak","Pink-Even",1976,34200,15000
"Kamishak","Pink-Even",1978,508100,34100
"Kamishak","Pink-Even",1980,124000,407500
"Kamishak","Pink-Even",1982,262500,90500
"Kamishak","Pink-Even",1984,1757800,128800
"Kamishak","Pink-Even",1986,114400,1337000
"Kamishak","Pink-Even",1988,23350,64000
"Kamishak","Pink-Even",1990,13366,22950
"Kamishak","Pink-Even",1992,10239,11155
"Kamishak","Pink-Even",1994,38255,10239
"Kamishak","Pink-Even",1996,168561,38255
"Kamishak","Pink-Even",1998,231525,166785
"Kamishak","Pink-Even",2000,2162998,227428
"Kamishak","Pink-Even",2002,127167,1719239
"Kamishak","Pink-Even",2004,685293,121214
"Kamishak","Pink-Even",2006,196738,621248
"Kamishak","Pink-Even",2008,50013,188551
"Kamishak","Pink-Odd",1977,281700,82000
"Kamishak","Pink-Odd",1979,192900,227000
"Kamishak","Pink-Odd",1981,10700,126900
"Kamishak","Pink-Odd",1983,21900,10400
"Kamishak","Pink-Odd",1985,164500,21900
"Kamishak","Pink-Odd",1987,829600,93900
"Kamishak","Pink-Odd",1989,157610,573000
"Kamishak","Pink-Odd",1991,185783,112510
"Kamishak","Pink-Odd",1993,662658,185677
"Kamishak","Pink-Odd",1995,257906,499858
"Kamishak","Pink-Odd",1997,14429,257606
"Kamishak","Pink-Odd",1999,65283,13622
"Kamishak","Pink-Odd",2001,786462,63919
"Kamishak","Pink-Odd",2003,278492,774457
"Kamishak","Pink-Odd",2005,1004418,275499
"Kamishak","Pink-Odd",2007,1371879,994600
"Kamishak","Pink-Odd",2009,9931,1240152
"Afognak","Pink-Even",1978,2153040,610000
"Afognak","Pink-Even",1980,1348000,990000
"Afognak","Pink-Even",1982,931000,656000
"Afognak","Pink-Even",1984,1597000,466000
"Afognak","Pink-Even",1986,3730000,736000
"Afognak","Pink-Even",1988,1423772,1304000
"Afognak","Pink-Even",1990,1290872,412772
"Afognak","Pink-Even",1992,1690958,895872
"Afognak","Pink-Even",1994,421738,1067958
"Afognak","Pink-Even",1996,2432470,255738
"Afognak","Pink-Even",1998,719910,1521470
"Afognak","Pink-Even",2000,1027402,644910
"Afognak","Pink-Even",2002,3047376,554402
"Afognak","Pink-Even",2004,1367598,533776
"Afognak","Pink-Even",2006,1289399,565800
"Afognak","Pink-Even",2008,2645315,343456
"Afognak","Pink-Odd",1979,1613392,504000
"Afognak","Pink-Odd",1981,526000,836000
"Afognak","Pink-Odd",1983,1133000,332000
"Afognak","Pink-Odd",1985,837000,832000
"Afognak","Pink-Odd",1987,1886046,522000
"Afognak","Pink-Odd",1989,1223968,1886046
"Afognak","Pink-Odd",1991,3433514,621968
"Afognak","Pink-Odd",1993,4921462,815514
"Afognak","Pink-Odd",1995,924888,1177462
"Afognak","Pink-Odd",1997,1469602,689888
"Afognak","Pink-Odd",1999,1163124,983602
"Afognak","Pink-Odd",2001,2706660,620124
"Afognak","Pink-Odd",2003,1464945,714660
"Afognak","Pink-Odd",2005,2564369,907106
"Afognak","Pink-Odd",2007,3610878,229154
"Afognak","Pink-Odd",2009,2557019,790724
"W Kod","Pink-Even",1978,18821263,6238000
"W Kod","Pink-Even",1980,12202000,8264000
"W Kod","Pink-Even",1982,14726000,6924000
"W Kod","Pink-Even",1984,12347000,5796000
"W Kod","Pink-Even",1986,9993000,4182000
"W Kod","Pink-Even",1988,12162000,3472000
"W Kod","Pink-Even",1990,5217000,9162000
"W Kod","Pink-Even",1992,6463000,3816000
"W Kod","Pink-Even",1994,5605000,3148000
"W Kod","Pink-Even",1996,18665000,3914000
"W Kod","Pink-Even",1998,10478000,6608000
"W Kod","Pink-Even",2000,17801000,5024000
"W Kod","Pink-Even",2002,22493708,8754000
"W Kod","Pink-Even",2004,23621882,9880208
"W Kod","Pink-Even",2006,8047323,4554396
"W Kod","Pink-Even",2008,7749342,4445434
"W Kod","Pink-Odd",1979,4240197,1624000
"W Kod","Pink-Odd",1981,2778000,1612000
"W Kod","Pink-Odd",1983,2842000,1210000
"W Kod","Pink-Odd",1985,2486000,1162000
"W Kod","Pink-Odd",1987,8598000,1084000
"W Kod","Pink-Odd",1989,7435000,8598000
"W Kod","Pink-Odd",1991,11420000,2444000
"W Kod","Pink-Odd",1993,23571000,2340000
"W Kod","Pink-Odd",1995,8083000,5360000
"W Kod","Pink-Odd",1997,5730000,1510000
"W Kod","Pink-Odd",1999,5086000,1556000
"W Kod","Pink-Odd",2001,6218000,1828000
"W Kod","Pink-Odd",2003,7030752,1878000
"W Kod","Pink-Odd",2005,9117411,1705456
"W Kod","Pink-Odd",2007,6835456,1739104
"W Kod","Pink-Odd",2009,2096829,2472970
"Alitak","Pink-Even",1978,3089080,1314000
"Alitak","Pink-Even",1980,1454000,1036000
"Alitak","Pink-Even",1982,1060000,934000
"Alitak","Pink-Even",1984,1426000,626000
"Alitak","Pink-Even",1986,906000,698000
"Alitak","Pink-Even",1988,323000,520000
"Alitak","Pink-Even",1990,425000,178000
"Alitak","Pink-Even",1992,2213000,366000
"Alitak","Pink-Even",1994,1535000,1092000
"Alitak","Pink-Even",1996,4269000,982000
"Alitak","Pink-Even",1998,1017000,2564000
"Alitak","Pink-Even",2000,5e+06,774000
"Alitak","Pink-Even",2002,3436972,3922000
"Alitak","Pink-Even",2004,4621442,2017972
"Alitak","Pink-Even",2006,1064934,1748472
"Alitak","Pink-Even",2008,793121,352692
"Alitak","Pink-Odd",1979,3323629,1138000
"Alitak","Pink-Odd",1981,2308000,1250000
"Alitak","Pink-Odd",1983,2656000,880000
"Alitak","Pink-Odd",1985,1871000,1598000
"Alitak","Pink-Odd",1987,5604000,954000
"Alitak","Pink-Odd",1989,3310000,5422000
"Alitak","Pink-Odd",1991,5366000,936000
"Alitak","Pink-Odd",1993,14652000,1900000
"Alitak","Pink-Odd",1995,1964000,7592000
"Alitak","Pink-Odd",1997,3284000,1010000
"Alitak","Pink-Odd",1999,2976000,1930000
"Alitak","Pink-Odd",2001,2298000,1536000
"Alitak","Pink-Odd",2003,5420654,1800000
"Alitak","Pink-Odd",2005,960626,1227812
"Alitak","Pink-Odd",2007,5787870,486610
"Alitak","Pink-Odd",2009,5961145,1791706
"E Kod","Pink-Even",1978,3553593,1400000
"E Kod","Pink-Even",1980,2006000,1590000
"E Kod","Pink-Even",1982,1561000,1178000
"E Kod","Pink-Even",1984,2016000,1162000
"E Kod","Pink-Even",1986,4588000,1414000
"E Kod","Pink-Even",1988,1411000,1714000
"E Kod","Pink-Even",1990,1676000,998000
"E Kod","Pink-Even",1992,2848000,1116000
"E Kod","Pink-Even",1994,738000,1990000
"E Kod","Pink-Even",1996,2246000,690000
"E Kod","Pink-Even",1998,1541000,1694000
"E Kod","Pink-Even",2000,2468000,1174000
"E Kod","Pink-Even",2002,4342970,1758000
"E Kod","Pink-Even",2004,7197847,3717970
"E Kod","Pink-Even",2006,1472149,3304076
"E Kod","Pink-Even",2008,1035597,707834
"E Kod","Pink-Odd",1979,4461799,1760000
"E Kod","Pink-Odd",1981,2371000,1614000
"E Kod","Pink-Odd",1983,2510000,1272000
"E Kod","Pink-Odd",1985,2624000,1942000
"E Kod","Pink-Odd",1987,5426000,1360000
"E Kod","Pink-Odd",1989,8519000,5426000
"E Kod","Pink-Odd",1991,8023000,2350000
"E Kod","Pink-Odd",1993,13951000,2610000
"E Kod","Pink-Odd",1995,2952000,5330000
"E Kod","Pink-Odd",1997,3897000,1618000
"E Kod","Pink-Odd",1999,2791000,2452000
"E Kod","Pink-Odd",2001,5314000,1990000
"E Kod","Pink-Odd",2003,9521665,3784000
"E Kod","Pink-Odd",2005,8081954,3535942
"E Kod","Pink-Odd",2007,11259533,1962488
"E Kod","Pink-Odd",2009,10791580,4360388
"Mainland Kod","Pink-Even",1978,1346809,450000
"Mainland Kod","Pink-Even",1980,1630000,1060000
"Mainland Kod","Pink-Even",1982,1335000,1048000
"Mainland Kod","Pink-Even",1984,1992000,990000
"Mainland Kod","Pink-Even",1986,3550000,1186000
"Mainland Kod","Pink-Even",1988,2176000,1802000
"Mainland Kod","Pink-Even",1990,1028000,1300000
"Mainland Kod","Pink-Even",1992,884000,838000
"Mainland Kod","Pink-Even",1994,910000,690000
"Mainland Kod","Pink-Even",1996,2349000,860000
"Mainland Kod","Pink-Even",1998,1491000,1790000
"Mainland Kod","Pink-Even",2000,2127000,1374000
"Mainland Kod","Pink-Even",2002,1706710,1804000
"Mainland Kod","Pink-Even",2004,2455613,1423110
"Mainland Kod","Pink-Even",2006,1125238,1556400
"Mainland Kod","Pink-Even",2008,654608,473000
"Mainland Kod","Pink-Odd",1979,1337758,1100000
"Mainland Kod","Pink-Odd",1981,670000,1066000
"Mainland Kod","Pink-Odd",1983,1135000,486000
"Mainland Kod","Pink-Odd",1985,1286000,874000
"Mainland Kod","Pink-Odd",1987,7954000,1060000
"Mainland Kod","Pink-Odd",1989,3450000,7954000
"Mainland Kod","Pink-Odd",1991,2284000,2284000
"Mainland Kod","Pink-Odd",1993,2232000,918000
"Mainland Kod","Pink-Odd",1995,2406000,1536000
"Mainland Kod","Pink-Odd",1997,1626000,1678000
"Mainland Kod","Pink-Odd",1999,1212000,1242000
"Mainland Kod","Pink-Odd",2001,2191000,814000
"Mainland Kod","Pink-Odd",2003,926712,2018000
"Mainland Kod","Pink-Odd",2005,1247342,452900
"Mainland Kod","Pink-Odd",2007,1492000,630000
"Mainland Kod","Pink-Odd",2009,796245,860200
"Chignik Bay","Pink-Even",1962,143600,30000
"Chignik Bay","Pink-Even",1964,89600,20000
"Chignik Bay","Pink-Even",1966,311600,71300
"Chignik Bay","Pink-Even",1968,89900,81400
"Chignik Bay","Pink-Even",1970,37400,43600
"Chignik Bay","Pink-Even",1972,37500,5800
"Chignik Bay","Pink-Even",1974,121100,4000
"Chignik Bay","Pink-Even",1976,147800,12300
"Chignik Bay","Pink-Even",1978,183912,10700
"Chignik Bay","Pink-Even",1980,85373,3000
"Chignik Bay","Pink-Even",1982,288378,2400
"Chignik Bay","Pink-Even",1988,100528,22400
"Chignik Bay","Pink-Even",1990,233905,6000
"Chignik Bay","Pink-Even",1992,135225,55800
"Chignik Bay","Pink-Even",1994,44904,75800
"Chignik Bay","Pink-Even",1996,50454,43100
"Chignik Bay","Pink-Even",1998,55467,24400
"Chignik Bay","Pink-Even",2000,27170,27400
"Chignik Bay","Pink-Even",2002,29678,16917
"Chignik Bay","Pink-Even",2004,89820,27300
"Chignik Bay","Pink-Even",2006,302285,27401
"Chignik Bay","Pink-Even",2008,38703,69841
"Chignik Bay","Pink-Odd",1963,42500,20700
"Chignik Bay","Pink-Odd",1965,33100,11000
"Chignik Bay","Pink-Odd",1967,41200,5700
"Chignik Bay","Pink-Odd",1969,70800,11700
"Chignik Bay","Pink-Odd",1971,24900,5500
"Chignik Bay","Pink-Odd",1973,28600,2200
"Chignik Bay","Pink-Odd",1975,63900,1200
"Chignik Bay","Pink-Odd",1977,313600,3000
"Chignik Bay","Pink-Odd",1979,122780,1200
"Chignik Bay","Pink-Odd",1981,28284,1400
"Chignik Bay","Pink-Odd",1989,88363,13500
"Chignik Bay","Pink-Odd",1991,57909,12200
"Chignik Bay","Pink-Odd",1993,287439,2000
"Chignik Bay","Pink-Odd",1995,98861,180500
"Chignik Bay","Pink-Odd",1997,96301,59400
"Chignik Bay","Pink-Odd",1999,94842,37300
"Chignik Bay","Pink-Odd",2001,199939,19700
"Chignik Bay","Pink-Odd",2003,231438,143897
"Chignik Bay","Pink-Odd",2005,250134,160000
"Chignik Bay","Pink-Odd",2007,106542,62464
"Chignik Bay","Pink-Odd",2009,63055,28973
"Central Chig","Pink-Even",1962,203000,83900
"Central Chig","Pink-Even",1964,80000,131100
"Central Chig","Pink-Even",1966,111500,62600
"Central Chig","Pink-Even",1968,88600,66100
"Central Chig","Pink-Even",1970,3900,60700
"Central Chig","Pink-Even",1972,31900,3100
"Central Chig","Pink-Even",1974,82600,9800
"Central Chig","Pink-Even",1976,162400,66000
"Central Chig","Pink-Even",1978,208082,101200
"Central Chig","Pink-Even",1980,106706,99400
"Central Chig","Pink-Even",1982,141250,26100
"Central Chig","Pink-Even",1984,166027,94000
"Central Chig","Pink-Even",1986,534770,121900
"Central Chig","Pink-Even",1988,365577,216400
"Central Chig","Pink-Even",1990,429550,131900
"Central Chig","Pink-Even",1992,278049,223800
"Central Chig","Pink-Even",1994,257817,178900
"Central Chig","Pink-Even",1996,444632,237100
"Central Chig","Pink-Even",1998,417517,210900
"Central Chig","Pink-Even",2000,103335,146100
"Central Chig","Pink-Even",2002,257002,85755
"Central Chig","Pink-Even",2004,115901,257000
"Central Chig","Pink-Even",2006,486948,36175
"Central Chig","Pink-Even",2008,235658,117650
"Central Chig","Pink-Odd",1963,135300,92600
"Central Chig","Pink-Odd",1965,44500,65800
"Central Chig","Pink-Odd",1967,71000,18500
"Central Chig","Pink-Odd",1969,95300,69600
"Central Chig","Pink-Odd",1971,50500,74800
"Central Chig","Pink-Odd",1973,57700,50200
"Central Chig","Pink-Odd",1975,319900,26400
"Central Chig","Pink-Odd",1977,581400,199900
"Central Chig","Pink-Odd",1979,286523,297000
"Central Chig","Pink-Odd",1981,18861,76500
"Central Chig","Pink-Odd",1983,23487,11000
"Central Chig","Pink-Odd",1985,73469,7400
"Central Chig","Pink-Odd",1987,215021,65700
"Central Chig","Pink-Odd",1989,375067,215000
"Central Chig","Pink-Odd",1991,365937,201100
"Central Chig","Pink-Odd",1993,1185245,160900
"Central Chig","Pink-Odd",1995,1198175,715500
"Central Chig","Pink-Odd",1997,1038508,594600
"Central Chig","Pink-Odd",1999,1101838,374300
"Central Chig","Pink-Odd",2001,665246,460400
"Central Chig","Pink-Odd",2003,572891,576510
"Central Chig","Pink-Odd",2005,904721,473400
"Central Chig","Pink-Odd",2007,447785,291800
"Central Chig","Pink-Odd",2009,448807,130700
"E Chig","Pink-Even",1962,1857200,401700
"E Chig","Pink-Even",1964,688400,605700
"E Chig","Pink-Even",1966,913700,302200
"E Chig","Pink-Even",1968,470600,390300
"E Chig","Pink-Even",1970,28800,201700
"E Chig","Pink-Even",1972,76800,15900
"E Chig","Pink-Even",1974,257600,76200
"E Chig","Pink-Even",1976,396100,228800
"E Chig","Pink-Even",1978,898010,309300
"E Chig","Pink-Even",1980,390574,425500
"E Chig","Pink-Even",1982,544215,301500
"E Chig","Pink-Even",1984,630335,486500
"E Chig","Pink-Even",1986,2011766,580700
"E Chig","Pink-Even",1988,851974,1005400
"E Chig","Pink-Even",1990,1501219,811400
"E Chig","Pink-Even",1992,876252,1318100
"E Chig","Pink-Even",1994,1066801,863300
"E Chig","Pink-Even",1996,1339925,1059600
"E Chig","Pink-Even",1998,821200,1273200
"E Chig","Pink-Even",2000,777710,810700
"E Chig","Pink-Even",2002,601900,777710
"E Chig","Pink-Even",2004,275415,601900
"E Chig","Pink-Even",2006,819400,195950
"E Chig","Pink-Even",2008,271764,402880
"E Chig","Pink-Odd",1963,90500,126200
"E Chig","Pink-Odd",1965,78700,64800
"E Chig","Pink-Odd",1967,47700,56100
"E Chig","Pink-Odd",1969,52000,46000
"E Chig","Pink-Odd",1971,15300,23000
"E Chig","Pink-Odd",1973,23500,12800
"E Chig","Pink-Odd",1975,76200,23500
"E Chig","Pink-Odd",1977,486700,76000
"E Chig","Pink-Odd",1979,327993,194300
"E Chig","Pink-Odd",1981,54117,154700
"E Chig","Pink-Odd",1983,218670,46300
"E Chig","Pink-Odd",1985,217679,212100
"E Chig","Pink-Odd",1987,881000,215600
"E Chig","Pink-Odd",1989,152979,881000
"E Chig","Pink-Odd",1991,577455,125000
"E Chig","Pink-Odd",1993,1407872,524700
"E Chig","Pink-Odd",1995,1360047,1399300
"E Chig","Pink-Odd",1997,655671,1287700
"E Chig","Pink-Odd",1999,1567638,615100
"E Chig","Pink-Odd",2001,1408327,1470200
"E Chig","Pink-Odd",2003,512371,1408060
"E Chig","Pink-Odd",2005,609179,512350
"E Chig","Pink-Odd",2007,738631,565800
"E Chig","Pink-Odd",2009,558288,462840
"W Chig","Pink-Even",1962,277900,242000
"W Chig","Pink-Even",1964,352500,165000
"W Chig","Pink-Even",1966,446900,179300
"W Chig","Pink-Even",1968,644700,151300
"W Chig","Pink-Even",1970,23500,202000
"W Chig","Pink-Even",1972,90800,8600
"W Chig","Pink-Even",1974,250000,77400
"W Chig","Pink-Even",1976,752700,114200
"W Chig","Pink-Even",1978,355960,333400
"W Chig","Pink-Even",1980,648308,139500
"W Chig","Pink-Even",1982,361820,45900
"W Chig","Pink-Even",1984,244593,188000
"W Chig","Pink-Even",1986,1373782,43800
"W Chig","Pink-Even",1988,180110,232400
"W Chig","Pink-Even",1990,667700,44300
"W Chig","Pink-Even",1992,286241,38800
"W Chig","Pink-Even",1994,321671,111600
"W Chig","Pink-Even",1996,493587,220800
"W Chig","Pink-Even",1998,236247,150400
"W Chig","Pink-Even",2000,122419,130100
"W Chig","Pink-Even",2002,94340,85501
"W Chig","Pink-Even",2004,193764,94340
"W Chig","Pink-Even",2006,1161942,31800
"W Chig","Pink-Even",2008,247716,99460
"W Chig","Pink-Odd",1963,497600,305000
"W Chig","Pink-Odd",1965,131500,152000
"W Chig","Pink-Odd",1967,907000,104400
"W Chig","Pink-Odd",1969,554200,422000
"W Chig","Pink-Odd",1971,62400,268800
"W Chig","Pink-Odd",1973,149100,62400
"W Chig","Pink-Odd",1975,734500,141700
"W Chig","Pink-Odd",1977,929600,355500
"W Chig","Pink-Odd",1979,682905,185000
"W Chig","Pink-Odd",1981,200338,249300
"W Chig","Pink-Odd",1983,148077,36000
"W Chig","Pink-Odd",1985,226001,67500
"W Chig","Pink-Odd",1987,57900,38300
"W Chig","Pink-Odd",1989,516064,57900
"W Chig","Pink-Odd",1991,731405,96800
"W Chig","Pink-Odd",1993,1346418,45800
"W Chig","Pink-Odd",1995,424303,554700
"W Chig","Pink-Odd",1997,909311,306300
"W Chig","Pink-Odd",1999,687537,137900
"W Chig","Pink-Odd",2001,443889,263000
"W Chig","Pink-Odd",2003,278452,117650
"W Chig","Pink-Odd",2005,1265331,257500
"W Chig","Pink-Odd",2007,841990,113000
"W Chig","Pink-Odd",2009,455001,130100
"Perryville","Pink-Even",1962,194600,155500
"Perryville","Pink-Even",1964,178200,72000
"Perryville","Pink-Even",1966,324800,90000
"Perryville","Pink-Even",1968,444000,128700
"Perryville","Pink-Even",1970,19800,72600
"Perryville","Pink-Even",1972,60200,7800
"Perryville","Pink-Even",1974,194500,60200
"Perryville","Pink-Even",1976,438300,89300
"Perryville","Pink-Even",1978,189420,157500
"Perryville","Pink-Even",1980,31723,74800
"Perryville","Pink-Even",1982,110641,13400
"Perryville","Pink-Even",1984,341806,109800
"Perryville","Pink-Even",1986,592547,180500
"Perryville","Pink-Even",1988,133819,181300
"Perryville","Pink-Even",1990,548599,88400
"Perryville","Pink-Even",1992,238796,190400
"Perryville","Pink-Even",1994,454175,153900
"Perryville","Pink-Even",1996,330090,395700
"Perryville","Pink-Even",1998,110633,222800
"Perryville","Pink-Even",2000,63469,98700
"Perryville","Pink-Even",2002,134320,62170
"Perryville","Pink-Even",2004,83500,134320
"Perryville","Pink-Even",2006,482414,83500
"Perryville","Pink-Even",2008,26510,173200
"Perryville","Pink-Odd",1963,726800,162000
"Perryville","Pink-Odd",1965,160500,82000
"Perryville","Pink-Odd",1967,1480800,155300
"Perryville","Pink-Odd",1969,257100,218600
"Perryville","Pink-Odd",1971,31500,45000
"Perryville","Pink-Odd",1973,45300,31500
"Perryville","Pink-Odd",1975,160000,45300
"Perryville","Pink-Odd",1977,452700,115400
"Perryville","Pink-Odd",1979,340312,181300
"Perryville","Pink-Odd",1981,178378,116000
"Perryville","Pink-Odd",1983,277665,64500
"Perryville","Pink-Odd",1985,101039,235200
"Perryville","Pink-Odd",1987,267400,65700
"Perryville","Pink-Odd",1989,815375,267400
"Perryville","Pink-Odd",1991,1097471,343500
"Perryville","Pink-Odd",1993,1263124,448400
"Perryville","Pink-Odd",1995,232545,582100
"Perryville","Pink-Odd",1997,343160,221500
"Perryville","Pink-Odd",1999,193412,179700
"Perryville","Pink-Odd",2001,130854,150200
"Perryville","Pink-Odd",2003,190743,99500
"Perryville","Pink-Odd",2005,207447,188600
"Perryville","Pink-Odd",2007,142454,184000
"Perryville","Pink-Odd",2009,366263,116450
"SE-SC AKPen","Pink-Even",1962,2417000,826100
"SE-SC AKPen","Pink-Even",1964,847700,902400
"SE-SC AKPen","Pink-Even",1966,1391400,627400
"SE-SC AKPen","Pink-Even",1968,2386410,528100
"SE-SC AKPen","Pink-Even",1970,135139,1007900
"SE-SC AKPen","Pink-Even",1972,334551,81800
"SE-SC AKPen","Pink-Even",1974,3120223,238600
"SE-SC AKPen","Pink-Even",1976,6134178,1084000
"SE-SC AKPen","Pink-Even",1978,3929976,1966300
"SE-SC AKPen","Pink-Even",1980,5638149,1410400
"SE-SC AKPen","Pink-Even",1982,9059847,1533200
"SE-SC AKPen","Pink-Even",1984,4252131,2526700
"SE-SC AKPen","Pink-Even",1986,6336986,1185500
"SE-SC AKPen","Pink-Even",1988,2752427,1636500
"SE-SC AKPen","Pink-Even",1990,6632245,1018200
"SE-SC AKPen","Pink-Even",1992,4844477,1781000
"SE-SC AKPen","Pink-Even",1994,4181630,1700525
"SE-SC AKPen","Pink-Even",1996,8421894,2668950
"SE-SC AKPen","Pink-Even",1998,4033331,2856255
"SE-SC AKPen","Pink-Even",2000,3575355,1688785
"SE-SC AKPen","Pink-Even",2002,11076199,2108450
"SE-SC AKPen","Pink-Even",2004,3980978,5969710
"SE-SC AKPen","Pink-Even",2006,9321807,1648365
"SE-SC AKPen","Pink-Even",2008,857212,2332920
"SE-SC AKPen","Pink-Odd",1963,3121300,886500
"SE-SC AKPen","Pink-Odd",1965,380400,789900
"SE-SC AKPen","Pink-Odd",1967,2769000,327300
"SE-SC AKPen","Pink-Odd",1969,1699982,1906200
"SE-SC AKPen","Pink-Odd",1971,122248,488000
"SE-SC AKPen","Pink-Odd",1973,387852,85700
"SE-SC AKPen","Pink-Odd",1975,3332005,357800
"SE-SC AKPen","Pink-Odd",1977,6964648,2168500
"SE-SC AKPen","Pink-Odd",1979,6071419,2125100
"SE-SC AKPen","Pink-Odd",1981,2884632,1875000
"SE-SC AKPen","Pink-Odd",1983,4553351,639200
"SE-SC AKPen","Pink-Odd",1985,2447836,1229300
"SE-SC AKPen","Pink-Odd",1987,6758046,1304400
"SE-SC AKPen","Pink-Odd",1989,9799100,1179300
"SE-SC AKPen","Pink-Odd",1991,9722753,2268400
"SE-SC AKPen","Pink-Odd",1993,15767364,2232200
"SE-SC AKPen","Pink-Odd",1995,4849767,4404450
"SE-SC AKPen","Pink-Odd",1997,10265462,4021375
"SE-SC AKPen","Pink-Odd",1999,4785628,3363080
"SE-SC AKPen","Pink-Odd",2001,6643254,2040120
"SE-SC AKPen","Pink-Odd",2003,9914090,3674120
"SE-SC AKPen","Pink-Odd",2005,6980959,4271270
"SE-SC AKPen","Pink-Odd",2007,5403117,1805873
"SE-SC AKPen","Pink-Odd",2009,5757375,1669900
"SW-Unimak","Pink-Even",1962,1724700,772700
"SW-Unimak","Pink-Even",1964,160500,534000
"SW-Unimak","Pink-Even",1966,573000,92000
"SW-Unimak","Pink-Even",1968,543030,295200
"SW-Unimak","Pink-Even",1970,36558,291000
"SW-Unimak","Pink-Even",1972,50450,29600
"SW-Unimak","Pink-Even",1974,679186,45800
"SW-Unimak","Pink-Even",1976,2224725,372400
"SW-Unimak","Pink-Even",1978,5046788,892400
"SW-Unimak","Pink-Even",1980,1670931,1231200
"SW-Unimak","Pink-Even",1982,5961135,759800
"SW-Unimak","Pink-Even",1984,1204067,1824900
"SW-Unimak","Pink-Even",1986,3367214,531200
"SW-Unimak","Pink-Even",1988,1192016,1203100
"SW-Unimak","Pink-Even",1990,5319722,580200
"SW-Unimak","Pink-Even",1992,4878437,1053400
"SW-Unimak","Pink-Even",1994,1275475,1371200
"SW-Unimak","Pink-Even",1996,3812512,978600
"SW-Unimak","Pink-Even",1998,1949170,1811810
"SW-Unimak","Pink-Even",2000,2281570,1104200
"SW-Unimak","Pink-Even",2002,3541126,1654350
"SW-Unimak","Pink-Even",2004,1810183,2341700
"SW-Unimak","Pink-Even",2006,4755345,1213885
"SW-Unimak","Pink-Even",2008,391239,1005450
"SW-Unimak","Pink-Odd",1963,720200,431400
"SW-Unimak","Pink-Odd",1965,122400,245500
"SW-Unimak","Pink-Odd",1967,834000,118200
"SW-Unimak","Pink-Odd",1969,428509,568700
"SW-Unimak","Pink-Odd",1971,27173,214700
"SW-Unimak","Pink-Odd",1973,219643,25100
"SW-Unimak","Pink-Odd",1975,789045,194300
"SW-Unimak","Pink-Odd",1977,2074953,509300
"SW-Unimak","Pink-Odd",1979,817159,504400
"SW-Unimak","Pink-Odd",1981,738315,431800
"SW-Unimak","Pink-Odd",1983,1384850,212000
"SW-Unimak","Pink-Odd",1985,284238,384500
"SW-Unimak","Pink-Odd",1987,2202749,236100
"SW-Unimak","Pink-Odd",1989,3125159,691600
"SW-Unimak","Pink-Odd",1991,3111334,678400
"SW-Unimak","Pink-Odd",1993,6762894,757900
"SW-Unimak","Pink-Odd",1995,2091497,2001850
"SW-Unimak","Pink-Odd",1997,3162652,1221900
"SW-Unimak","Pink-Odd",1999,2152314,1652230
"SW-Unimak","Pink-Odd",2001,2908340,925016
"SW-Unimak","Pink-Odd",2003,4012782,1837100
"SW-Unimak","Pink-Odd",2005,1583116,1894364
"SW-Unimak","Pink-Odd",2007,3336417,874340
"SW-Unimak","Pink-Odd",2009,1018590,1397100
"NW AKPen","Pink-Even",1962,21800,4000
"NW AKPen","Pink-Even",1964,17700,15000
"NW AKPen","Pink-Even",1966,26500,1700
"NW AKPen","Pink-Even",1968,18945,26500
"NW AKPen","Pink-Even",1970,1232,11100
"NW AKPen","Pink-Even",1972,33306,1200
"NW AKPen","Pink-Even",1974,37385,23000
"NW AKPen","Pink-Even",1976,558182,37300
"NW AKPen","Pink-Even",1978,391929,90400
"NW AKPen","Pink-Even",1980,56785,94000
"NW AKPen","Pink-Even",1982,42869,51700
"NW AKPen","Pink-Even",1984,22785,33000
"NW AKPen","Pink-Even",1986,58655,12900
"NW AKPen","Pink-Even",1988,22330,28500
"NW AKPen","Pink-Even",1990,8919,22200
"NW AKPen","Pink-Even",1994,219767,94700
"NW AKPen","Pink-Even",1996,145655,216600
"NW AKPen","Pink-Even",1998,53769,129500
"NW AKPen","Pink-Even",2000,15678,35900
"NW AKPen","Pink-Even",2002,96734,11900
"NW AKPen","Pink-Even",2004,185930,85300
"NW AKPen","Pink-Even",2006,28441,128915
"NW AKPen","Pink-Even",2008,21750,11900
"NW AKPen","Pink-Odd",1963,2900,4400
"NW AKPen","Pink-Odd",1965,1000,900
"NW AKPen","Pink-Odd",1967,4400,700
"NW AKPen","Pink-Odd",1969,8776,4400
"NW AKPen","Pink-Odd",1971,234,8500
"NW AKPen","Pink-Odd",1973,609,200
"NW AKPen","Pink-Odd",1975,6400,600
"NW AKPen","Pink-Odd",1977,12677,6400
"NW AKPen","Pink-Odd",1979,14763,9300
"NW AKPen","Pink-Odd",1981,5218,5700
"NW AKPen","Pink-Odd",1983,3352,3900
"NW AKPen","Pink-Odd",1985,1946,1400
"NW AKPen","Pink-Odd",1987,5095,1100
"NW AKPen","Pink-Odd",1989,4609,1900
"NW AKPen","Pink-Odd",1991,756,1200
"NW AKPen","Pink-Odd",1993,6584,700
"NW AKPen","Pink-Odd",1995,9936,5200
"NW AKPen","Pink-Odd",1997,15672,4800
"NW AKPen","Pink-Odd",1999,11057,14500
"NW AKPen","Pink-Odd",2001,1504,6900
"NW AKPen","Pink-Odd",2003,10686,800
"NW AKPen","Pink-Odd",2005,152767,8738
"NW AKPen","Pink-Odd",2007,349253,15750
"NW AKPen","Pink-Odd",2009,110895,74400
"Nushagak","Pink-Even",1958,4e+05,4e+06
"Nushagak","Pink-Even",1960,1380438,1e+05
"Nushagak","Pink-Even",1962,2406317,500014
"Nushagak","Pink-Even",1964,3779490,908500
"Nushagak","Pink-Even",1966,3866266,1442424
"Nushagak","Pink-Even",1968,570414,2161116
"Nushagak","Pink-Even",1970,126489,152580
"Nushagak","Pink-Even",1972,945929,58536
"Nushagak","Pink-Even",1974,1575868,532316
"Nushagak","Pink-Even",1976,13510120,836278
"Nushagak","Pink-Even",1978,4952291,9161784
"Nushagak","Pink-Even",1980,2950498,2749746
"Nushagak","Pink-Even",1982,5960515,1611226
"Nushagak","Pink-Even",1984,339306,2833362
"Nushagak","Pink-Even",1986,738500,72189
"Nushagak","Pink-Even",1988,855557,494610
"Nushagak","Pink-Even",1990,378777,801430
"Nushagak","Pink-Even",1992,199109,188675
"Nushagak","Pink-Even",1994,823993,191772
"Nushagak","Pink-Even",1996,139210,821312
"Nushagak","Pink-Even",1998,173594,132402
"Nushagak","Pink-Even",2000,317895,135285
"Nushagak","Pink-Even",2002,582216,317661
"Unalakleet","Pink-Even",1970,86297,1240
"Unalakleet","Pink-Even",1972,244462,54934
"Unalakleet","Pink-Even",1974,52125,143789
"Unalakleet","Pink-Even",1976,171281,10606
"Unalakleet","Pink-Even",1978,350113,21813
"Unalakleet","Pink-Even",1980,331803,127900
"Unalakleet","Pink-Even",1982,475805,168902
"Unalakleet","Pink-Even",1984,236487,458387
"Unalakleet","Pink-Even",1986,136500,236487
"Unalakleet","Pink-Even",1988,25685,112770
"Unalakleet","Pink-Even",1990,637424,25685
"Unalakleet","Pink-Even",1996,266216,125500
"Unalakleet","Pink-Even",2002,286755,4590
"Unalakleet","Pink-Odd",1973,34780,26542
"Unalakleet","Pink-Odd",1975,34436,17885
"Unalakleet","Pink-Odd",1977,66107,4565
"Unalakleet","Pink-Odd",1979,129558,9500
"Unalakleet","Pink-Odd",1981,44986,575
"Unalakleet","Pink-Odd",1983,4416,4980
"Unalakleet","Pink-Odd",1985,97,4360
"Unalakleet","Pink-Odd",1991,55631,119140
"Unalakleet","Pink-Odd",1993,71934,13570
"Unalakleet","Pink-Odd",1995,28470,18300
"Unalakleet","Pink-Odd",1997,13850,17870
"Unalakleet","Pink-Odd",2003,406597,11010
"Unalakleet","Pink-Odd",2005,63895,381150
"Unalakleet","Pink-Odd",2007,213271,50100
"Unalakleet","Pink-Odd",2009,32820,189939
"Nome","Pink-Even",1972,71033,15251
"Nome","Pink-Even",1974,10089,59493
"Nome","Pink-Even",1976,242777,3266
"Nome","Pink-Even",1978,614343,206845
"Nome","Pink-Even",1980,528684,582090
"Nome","Pink-Even",1982,2229337,490970
"Nome","Pink-Even",1984,69190,2212155
"Nome","Pink-Even",1986,21473,60470
"Nome","Pink-Even",1988,34688,19132
"Nome","Pink-Even",1990,311241,32455
"Nome","Pink-Even",1992,561391,303705
"Nome","Pink-Even",1994,118260,554835
"Nome","Pink-Even",1996,508842,114737
"Nome","Pink-Even",1998,32330,504045
"Nome","Pink-Even",2000,92240,29673
"Nome","Pink-Even",2002,1337188,89079
"Nome","Pink-Even",2004,901629,1322141
"Nome","Pink-Even",2006,1618170,892300
"Nome","Pink-Even",2008,282321,1605578
"Nome","Pink-Odd",1971,20369,7765
"Nome","Pink-Odd",1973,42226,14940
"Nome","Pink-Odd",1975,59365,33796
"Nome","Pink-Odd",1977,25830,56527
"Nome","Pink-Odd",1979,18811,13617
"Nome","Pink-Odd",1981,198304,10025
"Nome","Pink-Odd",1983,24887,189910
"Nome","Pink-Odd",1985,3101,22770
"Nome","Pink-Odd",1987,58808,1850
"Nome","Pink-Odd",1989,36729,57761
"Nome","Pink-Odd",1991,262453,36535
"Nome","Pink-Odd",1993,268188,261580
"Nome","Pink-Odd",1995,36105,267852
"Nome","Pink-Odd",1997,179924,35930
"Nome","Pink-Odd",1999,6620,179866
"Nome","Pink-Odd",2001,11863,6507
"Nome","Pink-Odd",2003,925575,11356
"Nome","Pink-Odd",2005,449528,920500
"Nome","Pink-Odd",2007,537025,448678
"Nome","Pink-Odd",2009,122284,536538
"Moses-Norton","Pink-Even",1964,42814,10043
"Moses-Norton","Pink-Even",1966,146115,36629
"Moses-Norton","Pink-Even",1968,383214,129052
"Moses-Norton","Pink-Even",1970,149742,364661
"Moses-Norton","Pink-Even",1972,216978,138495
"Moses-Norton","Pink-Even",1974,66512,201104
"Moses-Norton","Pink-Even",1976,144695,51927
"Moses-Norton","Pink-Even",1978,1121189,93325
"Moses-Norton","Pink-Even",1980,710950,1111200
"Moses-Norton","Pink-Even",1982,1317728,692181
"Moses-Norton","Pink-Even",1984,529448,1288531
"Moses-Norton","Pink-Even",1986,430553,513613
"Moses-Norton","Pink-Even",1988,629097,415101
"Moses-Norton","Pink-Even",1990,922363,628596
"Moses-Norton","Pink-Even",1992,245803,916211
"Moses-Norton","Pink-Even",1994,1342124,230409
"Moses-Norton","Pink-Even",1996,1076132,1260144
"Moses-Norton","Pink-Even",1998,804780,921563
"Moses-Norton","Pink-Even",2000,312394,750173
"Moses-Norton","Pink-Even",2002,968326,298000
"Moses-Norton","Pink-Even",2004,139925,960468
"Moses-Norton","Pink-Even",2006,172136,134709
"Moses-Norton","Pink-Even",2008,59312,144224
"Moses-Norton","Pink-Odd",1963,10245,8134
"Moses-Norton","Pink-Odd",1965,6006,8668
"Moses-Norton","Pink-Odd",1967,90032,3587
"Moses-Norton","Pink-Odd",1969,26194,69471
"Moses-Norton","Pink-Odd",1971,91535,24134
"Moses-Norton","Pink-Odd",1973,118098,79277
"Moses-Norton","Pink-Odd",1975,70687,111181
"Moses-Norton","Pink-Odd",1977,232441,57184
"Moses-Norton","Pink-Odd",1979,602910,178616
"Moses-Norton","Pink-Odd",1981,318704,567472
"Moses-Norton","Pink-Odd",1983,33376,297742
"Moses-Norton","Pink-Odd",1985,6731,31537
"Moses-Norton","Pink-Odd",1987,27487,6147
"Moses-Norton","Pink-Odd",1989,203064,27487
"Moses-Norton","Pink-Odd",1991,77301,199509
"Moses-Norton","Pink-Odd",1993,48351,75285
"Moses-Norton","Pink-Odd",1995,47405,39829
"Moses-Norton","Pink-Odd",1997,7905,44296
"Moses-Norton","Pink-Odd",1999,15016,4398
"Moses-Norton","Pink-Odd",2001,40107,8423
"Moses-Norton","Pink-Odd",2003,774122,33399
"Moses-Norton","Pink-Odd",2005,139965,770401
"Moses-Norton","Pink-Odd",2007,250217,136575
"Moses-Norton","Pink-Odd",2009,28123,245594
"East Haida Gwaii","Pink-Even",1954,615093.4294,687252.0317
"East Haida Gwaii","Pink-Even",1956,946885.2657,461252.5534
"East Haida Gwaii","Pink-Even",1958,816593.9373,522612.5542
"East Haida Gwaii","Pink-Even",1960,1913162.821,620638.939
"East Haida Gwaii","Pink-Even",1962,240287.4751,1069696.569
"East Haida Gwaii","Pink-Even",1964,1036136.661,202638.6236
"East Haida Gwaii","Pink-Even",1966,1687290.412,760784.629
"East Haida Gwaii","Pink-Even",1968,1880546.309,1202772.539
"East Haida Gwaii","Pink-Even",1970,1542638.781,1303134.607
"East Haida Gwaii","Pink-Even",1972,828282.8659,1166380.228
"East Haida Gwaii","Pink-Even",1974,2436253.378,606765.0423
"East Haida Gwaii","Pink-Even",1976,1004251.218,818417.5886
"East Haida Gwaii","Pink-Even",1978,400898.8518,757790.4682
"East Haida Gwaii","Pink-Even",1980,232363.4626,399896.0156
"East Haida Gwaii","Pink-Even",1982,340785.7191,232264.4788
"East Haida Gwaii","Pink-Even",1984,1416280.558,297166.8426
"East Haida Gwaii","Pink-Even",1986,1015864.688,1063193.221
"East Haida Gwaii","Pink-Even",1988,1668756.422,877645.2606
"East Haida Gwaii","Pink-Even",1990,1030981.411,1333403.189
"East Haida Gwaii","Pink-Even",1992,840502.3266,1007377.266
"East Haida Gwaii","Pink-Even",1994,940202.4686,755703.1753
"East Haida Gwaii","Pink-Even",1996,974998.5734,919570.838
"East Haida Gwaii","Pink-Even",1998,468051.0976,825195.038
"East Haida Gwaii","Pink-Even",2000,655020.4891,453641.4508
"East Haida Gwaii","Pink-Even",2002,384839.2085,634257.8799
"East Haida Gwaii","Pink-Even",2004,323491.6968,384839.2085
"East Haida Gwaii","Pink-Even",2006,471187.1454,288411.4258
"East Haida Gwaii","Pink-Even",2008,1670522.555,471187.1454
"East Haida Gwaii","Pink-Even",2010,1641400.747,1419559.54
"East Haida Gwaii","Pink-Even",2012,1479993.322,1422436.506
"East Haida Gwaii","Pink-Even",2014,0,1479993.322
"East Haida Gwaii","Pink-Even",2016,0,268328.5814
"East Haida Gwaii","Pink-Even",2018,0,738049.8247
"East Haida Gwaii","Pink-Odd",1955,244237.4275,46770.32429
"East Haida Gwaii","Pink-Odd",1957,289976.9161,88675.4549
"East Haida Gwaii","Pink-Odd",1959,68544.9254,284211.8842
"East Haida Gwaii","Pink-Odd",1961,119836.7723,53848.60834
"East Haida Gwaii","Pink-Odd",1963,49966.10108,119833.1552
"East Haida Gwaii","Pink-Odd",1965,115287.1505,49770.77715
"East Haida Gwaii","Pink-Odd",1967,268275.4025,112248.7783
"East Haida Gwaii","Pink-Odd",1969,50407.82756,245006.5353
"East Haida Gwaii","Pink-Odd",1971,67661.58163,49698.73239
"East Haida Gwaii","Pink-Odd",1973,35528.94792,67286.91108
"East Haida Gwaii","Pink-Odd",1975,15947.02903,30101.4952
"East Haida Gwaii","Pink-Odd",1977,32639.17329,13135.56253
"East Haida Gwaii","Pink-Odd",1979,12104.78132,32639.17329
"East Haida Gwaii","Pink-Odd",1981,23483.5782,11900.23634
"East Haida Gwaii","Pink-Odd",1983,42354.89501,23483.5782
"East Haida Gwaii","Pink-Odd",1985,68356.48834,31926.43595
"East Haida Gwaii","Pink-Odd",1987,46503.19227,68096.36049
"East Haida Gwaii","Pink-Odd",1989,23471.73073,43487.26546
"East Haida Gwaii","Pink-Odd",1991,26605.9879,23366.65577
"East Haida Gwaii","Pink-Odd",1993,6868.333623,26447.60284
"East Haida Gwaii","Pink-Odd",1995,6415.472412,6840.519662
"East Haida Gwaii","Pink-Odd",1997,6396.220138,6226.955561
"East Haida Gwaii","Pink-Odd",1999,13846.34148,6396.220138
"East Haida Gwaii","Pink-Odd",2001,11919.95795,13846.34148
"East Haida Gwaii","Pink-Odd",2003,222185.6781,11919.95795
"East Haida Gwaii","Pink-Odd",2005,75282.97198,222185.6781
"East Haida Gwaii","Pink-Odd",2007,64286.77935,75282.97198
"East Haida Gwaii","Pink-Odd",2009,144434.8589,64286.77935
"East Haida Gwaii","Pink-Odd",2011,77908.2219,144434.8589
"East Haida Gwaii","Pink-Odd",2013,0,77908.2219
"East Haida Gwaii","Pink-Odd",2015,0,72467.70361
"East Haida Gwaii","Pink-Odd",2017,0,57705.76399
"East Haida Gwaii","Pink-Odd",2019,0,27312.27229
"West Haida Gwaii","Pink-Even",1954,361542.946,665685.0031
"West Haida Gwaii","Pink-Even",1956,486271.7427,277517.7309
"West Haida Gwaii","Pink-Even",1958,335681.6579,299581.9479
"West Haida Gwaii","Pink-Even",1960,290024.2746,170773.8066
"West Haida Gwaii","Pink-Even",1962,145754.929,289963.2439
"West Haida Gwaii","Pink-Even",1964,631313.8493,144355.2258
"West Haida Gwaii","Pink-Even",1966,487754.629,432437.9321
"West Haida Gwaii","Pink-Even",1968,761719.7948,269390.921
"West Haida Gwaii","Pink-Even",1970,1204238.259,444956.6499
"West Haida Gwaii","Pink-Even",1972,408785.9001,561736.4603
"West Haida Gwaii","Pink-Even",1974,78377.92299,197467.7318
"West Haida Gwaii","Pink-Even",1976,466482.5087,65916.66233
"West Haida Gwaii","Pink-Even",1978,347712.881,242330.8927
"West Haida Gwaii","Pink-Even",1980,200993.0006,266684.1714
"West Haida Gwaii","Pink-Even",1982,227967.0138,185316.1244
"West Haida Gwaii","Pink-Even",1984,531051.374,107526.5033
"West Haida Gwaii","Pink-Even",1986,344120.2097,430035.6227
"West Haida Gwaii","Pink-Even",1988,565202.725,275269.6185
"West Haida Gwaii","Pink-Even",1990,272704.34,285667.2837
"West Haida Gwaii","Pink-Even",1992,193654.7488,154969.1888
"West Haida Gwaii","Pink-Even",1994,249678.6443,152879.2628
"West Haida Gwaii","Pink-Even",1996,833241.0576,249678.6443
"West Haida Gwaii","Pink-Even",1998,987120.5153,356388.4822
"West Haida Gwaii","Pink-Even",2000,399205.3137,482633.0559
"West Haida Gwaii","Pink-Even",2002,80648.07658,377616.4673
"West Haida Gwaii","Pink-Even",2004,32468.5816,53071.2217
"West Haida Gwaii","Pink-Even",2006,80936.49804,32468.5816
"West Haida Gwaii","Pink-Even",2008,595093.8677,80936.49804
"West Haida Gwaii","Pink-Even",2010,482421.1457,581086.8304
"West Haida Gwaii","Pink-Even",2012,185536.7997,482421.1457
"West Haida Gwaii","Pink-Even",2014,0,185536.7997
"West Haida Gwaii","Pink-Even",2016,0,7002.010952
"West Haida Gwaii","Pink-Even",2018,0,19092.25276
"Hecate Lowlands","Pink-Even",1954,2271842.278,617914.2229
"Hecate Lowlands","Pink-Even",1956,1264102.358,997293.0352
"Hecate Lowlands","Pink-Even",1958,1343416.65,386030.1696
"Hecate Lowlands","Pink-Even",1960,3794720.805,485666.0786
"Hecate Lowlands","Pink-Even",1962,2805237.688,1174318.677
"Hecate Lowlands","Pink-Even",1964,3895026.34,842690.8303
"Hecate Lowlands","Pink-Even",1966,4919482.592,1205155.676
"Hecate Lowlands","Pink-Even",1968,2650759.823,1316517.808
"Hecate Lowlands","Pink-Even",1970,2212039.594,788074.9212
"Hecate Lowlands","Pink-Even",1972,1792555.256,749848.12
"Hecate Lowlands","Pink-Even",1974,2907741.868,782915.4713
"Hecate Lowlands","Pink-Even",1976,2160679.773,1388151.735
"Hecate Lowlands","Pink-Even",1978,1279808.817,1038646.093
"Hecate Lowlands","Pink-Even",1980,853385.1768,702365.1211
"Hecate Lowlands","Pink-Even",1982,1588953.552,628620.0878
"Hecate Lowlands","Pink-Even",1984,2865332.162,1016611.793
"Hecate Lowlands","Pink-Even",1986,2204648.12,1328542.65
"Hecate Lowlands","Pink-Even",1988,2909734.927,929644.4934
"Hecate Lowlands","Pink-Even",1990,729751.9006,1350468.666
"Hecate Lowlands","Pink-Even",1992,708367.0263,364747.1739
"Hecate Lowlands","Pink-Even",1994,1513255.418,477515.1319
"Hecate Lowlands","Pink-Even",1996,519469.1999,1305915.691
"Hecate Lowlands","Pink-Even",1998,1189306.654,457943.2488
"Hecate Lowlands","Pink-Even",2000,1651719.651,1103046.071
"Hecate Lowlands","Pink-Even",2002,1025608.543,1351720.383
"Hecate Lowlands","Pink-Even",2004,459758.3745,850779.0265
"Hecate Lowlands","Pink-Even",2006,368844.1864,427319.8196
"Hecate Lowlands","Pink-Even",2008,393014.6647,367560.1937
"Hecate Lowlands","Pink-Even",2010,764767.9517,388932.8707
"Hecate Lowlands","Pink-Even",2012,1637688.56,752949.8692
"Hecate Lowlands","Pink-Even",2014,348086.4273,1397904.068
"Hecate Lowlands","Pink-Even",2016,113095.9684,263258.4159
"Hecate Lowlands","Pink-Even",2018,537833.5165,110542.1177
"Hecate Strait-Fjords (even)","Pink-Even",1954,3825449.781,719646.5623
"Hecate Strait-Fjords (even)","Pink-Even",1956,3283416.786,1827670.356
"Hecate Strait-Fjords (even)","Pink-Even",1958,9013460.608,961989.1373
"Hecate Strait-Fjords (even)","Pink-Even",1960,32855873.49,3255508.441
"Hecate Strait-Fjords (even)","Pink-Even",1962,9702463.28,10716161.57
"Hecate Strait-Fjords (even)","Pink-Even",1964,9539213.612,3180324.76
"Hecate Strait-Fjords (even)","Pink-Even",1966,18335305.74,3259006.135
"Hecate Strait-Fjords (even)","Pink-Even",1968,6081340.951,5029543.925
"Hecate Strait-Fjords (even)","Pink-Even",1970,11684463.41,2035198.097
"Hecate Strait-Fjords (even)","Pink-Even",1972,8041627.133,4109697.542
"Hecate Strait-Fjords (even)","Pink-Even",1974,6932165.24,3003212.337
"Hecate Strait-Fjords (even)","Pink-Even",1976,10217630.69,3395333.337
"Hecate Strait-Fjords (even)","Pink-Even",1978,6155317.874,4842455.505
"Hecate Strait-Fjords (even)","Pink-Even",1980,1434578.459,3592314.524
"Hecate Strait-Fjords (even)","Pink-Even",1982,3916650.131,1079425.929
"Hecate Strait-Fjords (even)","Pink-Even",1984,17097241.09,2721936.035
"Hecate Strait-Fjords (even)","Pink-Even",1986,17251899.78,8735211.085
"Hecate Strait-Fjords (even)","Pink-Even",1988,10876290.68,7203353.995
"Hecate Strait-Fjords (even)","Pink-Even",1990,14144345.91,5431473.331
"Hecate Strait-Fjords (even)","Pink-Even",1992,1862119.606,7867158.334
"Hecate Strait-Fjords (even)","Pink-Even",1994,5667216.457,1253867.911
"Hecate Strait-Fjords (even)","Pink-Even",1996,2964731.108,5169370.699
"Hecate Strait-Fjords (even)","Pink-Even",1998,6226675.394,2545947.743
"Hecate Strait-Fjords (even)","Pink-Even",2000,6843433.211,5756327.048
"Hecate Strait-Fjords (even)","Pink-Even",2002,2906514.928,5848438.295
"Hecate Strait-Fjords (even)","Pink-Even",2004,853749.1759,2542877.734
"Hecate Strait-Fjords (even)","Pink-Even",2006,924240.7958,815178.0066
"Hecate Strait-Fjords (even)","Pink-Even",2008,839848.1656,921529.2515
"Hecate Strait-Fjords (even)","Pink-Even",2010,3502607.233,829662.9745
"Hecate Strait-Fjords (even)","Pink-Even",2012,4307991.881,3435341.998
"Hecate Strait-Fjords (even)","Pink-Even",2014,8531691.815,3636576.854
"Hecate Strait-Fjords (even)","Pink-Even",2016,748632.7934,5911811.768
"Hecate Strait-Fjords (even)","Pink-Even",2018,14208909.05,726092.6865
"Nass-Skeena Estuary (even)","Pink-Even",1954,2730879.86,843146.4085
"Nass-Skeena Estuary (even)","Pink-Even",1956,2959868.364,493389.4356
"Nass-Skeena Estuary (even)","Pink-Even",1958,601963.5699,530174.4041
"Nass-Skeena Estuary (even)","Pink-Even",1960,3009388.502,380813.6975
"Nass-Skeena Estuary (even)","Pink-Even",1962,5127530.661,1892596.519
"Nass-Skeena Estuary (even)","Pink-Even",1964,3167630.868,3132560.747
"Nass-Skeena Estuary (even)","Pink-Even",1966,10600510.45,1577170.096
"Nass-Skeena Estuary (even)","Pink-Even",1968,4108034.41,2807509.029
"Nass-Skeena Estuary (even)","Pink-Even",1970,7631780.679,1521989.602
"Nass-Skeena Estuary (even)","Pink-Even",1972,1236123.39,2527505.497
"Nass-Skeena Estuary (even)","Pink-Even",1974,1487365.552,766904.814
"Nass-Skeena Estuary (even)","Pink-Even",1976,5308951.183,992919.1523
"Nass-Skeena Estuary (even)","Pink-Even",1978,5026852.33,1145818.206
"Nass-Skeena Estuary (even)","Pink-Even",1980,2798775.734,1018334.707
"Nass-Skeena Estuary (even)","Pink-Even",1982,9142688.268,1238836.568
"Nass-Skeena Estuary (even)","Pink-Even",1984,18216279.09,2468996.447
"Nass-Skeena Estuary (even)","Pink-Even",1986,4961840.638,2943006.135
"Nass-Skeena Estuary (even)","Pink-Even",1988,18782678.19,1442671.658
"Nass-Skeena Estuary (even)","Pink-Even",1990,3464651.053,3431779.782
"Nass-Skeena Estuary (even)","Pink-Even",1992,1136072.405,597071.6236
"Nass-Skeena Estuary (even)","Pink-Even",1994,10585266.66,419130.1092
"Nass-Skeena Estuary (even)","Pink-Even",1996,1400924.197,2797784.062
"Nass-Skeena Estuary (even)","Pink-Even",1998,2006785.62,522623.4823
"Nass-Skeena Estuary (even)","Pink-Even",2000,7508887.163,1094709.468
"Nass-Skeena Estuary (even)","Pink-Even",2002,5154232.507,2281210.012
"Nass-Skeena Estuary (even)","Pink-Even",2004,694936.5144,2220775.911
"Nass-Skeena Estuary (even)","Pink-Even",2006,253972.7676,394699.5611
"Nass-Skeena Estuary (even)","Pink-Even",2008,1125460.635,213534.3265
"Nass-Skeena Estuary (even)","Pink-Even",2010,1686480.16,1009340.074
"Nass-Skeena Estuary (even)","Pink-Even",2012,7538300.771,1033669.728
"Nass-Skeena Estuary (even)","Pink-Even",2014,2798712.539,3624384.153
"Nass-Skeena Estuary (even)","Pink-Even",2016,471303.1582,824510.0274
"Nass-Skeena Estuary (even)","Pink-Even",2018,362580.8329,351318.5179
"Middle-Upper Skeena (even)","Pink-Even",1954,187758.9275,171035.1379
"Middle-Upper Skeena (even)","Pink-Even",1956,584090.8503,80374.93005
"Middle-Upper Skeena (even)","Pink-Even",1958,100825.0065,226249.5853
"Middle-Upper Skeena (even)","Pink-Even",1960,337492.3346,63673.97296
"Middle-Upper Skeena (even)","Pink-Even",1962,211571.0166,245096.6291
"Middle-Upper Skeena (even)","Pink-Even",1964,484190.2494,154730.5676
"Middle-Upper Skeena (even)","Pink-Even",1966,571916.1044,247203.5328
"Middle-Upper Skeena (even)","Pink-Even",1968,1126368.143,497652.7208
"Middle-Upper Skeena (even)","Pink-Even",1970,578821.2011,777840.3758
"Middle-Upper Skeena (even)","Pink-Even",1972,120195.5289,441711.3357
"Middle-Upper Skeena (even)","Pink-Even",1974,727398.1888,80451.22247
"Middle-Upper Skeena (even)","Pink-Even",1976,1297821.114,623260.5809
"Middle-Upper Skeena (even)","Pink-Even",1978,697881.6308,1012010.947
"Middle-Upper Skeena (even)","Pink-Even",1980,1231084.912,607592.333
"Middle-Upper Skeena (even)","Pink-Even",1982,555513.6437,972486.3684
"Middle-Upper Skeena (even)","Pink-Even",1984,1285565.199,359934.8885
"Middle-Upper Skeena (even)","Pink-Even",1986,416916.5492,878762.938
"Middle-Upper Skeena (even)","Pink-Even",1988,1951484.486,285864.8922
"Middle-Upper Skeena (even)","Pink-Even",1990,2834631.42,1593104.759
"Middle-Upper Skeena (even)","Pink-Even",1992,401310.7047,1193579.289
"Middle-Upper Skeena (even)","Pink-Even",1994,1992313.021,238891.9771
"Middle-Upper Skeena (even)","Pink-Even",1996,220747.1726,1355995.193
"Middle-Upper Skeena (even)","Pink-Even",1998,419018.2468,212595.0382
"Middle-Upper Skeena (even)","Pink-Even",2000,199944.2073,267430.4099
"Middle-Upper Skeena (even)","Pink-Even",2002,291006.887,128177.5184
"Middle-Upper Skeena (even)","Pink-Even",2004,321738.1778,258506.9939
"Middle-Upper Skeena (even)","Pink-Even",2006,166218.6792,128291.2068
"Middle-Upper Skeena (even)","Pink-Even",2008,187593.3743,82519.05245
"Middle-Upper Skeena (even)","Pink-Even",2010,164677.5879,183371.9734
"Middle-Upper Skeena (even)","Pink-Even",2012,612968.5292,154537.2197
"Middle-Upper Skeena (even)","Pink-Even",2014,296216.4526,488533.7201
"Middle-Upper Skeena (even)","Pink-Even",2016,40715.58064,186673.7774
"Middle-Upper Skeena (even)","Pink-Even",2018,20764.06217,25925.86065
"North Haida Gwaii","Pink-Even",1954,870934.1798,680032.6165
"North Haida Gwaii","Pink-Even",1956,1193728.023,724076.1798
"North Haida Gwaii","Pink-Even",1958,167076.5205,643036.0234
"North Haida Gwaii","Pink-Even",1960,339237.4075,126965.5205
"North Haida Gwaii","Pink-Even",1962,870420.0356,219796.4075
"North Haida Gwaii","Pink-Even",1964,2959786.268,640373.0356
"North Haida Gwaii","Pink-Even",1966,2869152.251,1672758.268
"North Haida Gwaii","Pink-Even",1968,887471.9467,2040700.251
"North Haida Gwaii","Pink-Even",1970,713316.095,629829.9467
"North Haida Gwaii","Pink-Even",1972,372717.3582,521552.095
"North Haida Gwaii","Pink-Even",1974,435975.7615,295904.3582
"North Haida Gwaii","Pink-Even",1976,351772.5886,430631.7615
"North Haida Gwaii","Pink-Even",1978,535335.8507,333925.5886
"North Haida Gwaii","Pink-Even",1980,563470.2835,429221.8507
"North Haida Gwaii","Pink-Even",1982,2529414.131,545373.2835
"North Haida Gwaii","Pink-Even",1984,2108244.665,1848423.131
"North Haida Gwaii","Pink-Even",1986,1033015.694,1241512.665
"North Haida Gwaii","Pink-Even",1988,3483142.679,847674.6944
"North Haida Gwaii","Pink-Even",1990,1928340.392,2113318.679
"North Haida Gwaii","Pink-Even",1992,1038130.093,1483057.392
"North Haida Gwaii","Pink-Even",1994,4925890.744,961015.0934
"North Haida Gwaii","Pink-Even",1996,1201653.841,4417163.744
"North Haida Gwaii","Pink-Even",1998,737354.1117,1132488.841
"North Haida Gwaii","Pink-Even",2000,1504018.982,736793.1117
"North Haida Gwaii","Pink-Even",2002,305668.8592,1504018.982
"North Haida Gwaii","Pink-Even",2004,375986.5663,305668.8592
"North Haida Gwaii","Pink-Even",2006,916824.3915,375913.5663
"North Haida Gwaii","Pink-Even",2008,1991803.581,916824.3915
"North Haida Gwaii","Pink-Even",2010,276306.1338,1803803.581
"North Haida Gwaii","Pink-Even",2012,0,276306.1338
"North Haida Gwaii","Pink-Even",2016,0,392260.9572
"North Haida Gwaii","Pink-Even",2018,1559697.984,1114193.631
"Hecate Strait-Lowlands","Pink-Odd",1955,1834262.463,529531.4715
"Hecate Strait-Lowlands","Pink-Odd",1957,601563.3063,857339.1842
"Hecate Strait-Lowlands","Pink-Odd",1959,1588491.896,377220.7475
"Hecate Strait-Lowlands","Pink-Odd",1961,1548632.142,590162.5549
"Hecate Strait-Lowlands","Pink-Odd",1963,859886.9413,741924.3579
"Hecate Strait-Lowlands","Pink-Odd",1965,373727.518,301842.9463
"Hecate Strait-Lowlands","Pink-Odd",1967,803355.9445,155943.682
"Hecate Strait-Lowlands","Pink-Odd",1969,1374964.201,379423.9089
"Hecate Strait-Lowlands","Pink-Odd",1971,769791.0416,904990.7869
"Hecate Strait-Lowlands","Pink-Odd",1973,893964.4612,363658.4377
"Hecate Strait-Lowlands","Pink-Odd",1975,1966421.408,535425.2075
"Hecate Strait-Lowlands","Pink-Odd",1977,1256686.242,910363.4897
"Hecate Strait-Lowlands","Pink-Odd",1979,1449808.862,766786.39
"Hecate Strait-Lowlands","Pink-Odd",1981,782863.1963,741109.0199
"Hecate Strait-Lowlands","Pink-Odd",1983,1906992.929,511183.9875
"Hecate Strait-Lowlands","Pink-Odd",1985,677694.1925,1134395.529
"Hecate Strait-Lowlands","Pink-Odd",1987,591860.7537,329642.3815
"Hecate Strait-Lowlands","Pink-Odd",1989,865767.9826,479677.382
"Hecate Strait-Lowlands","Pink-Odd",1991,350415.11,565715.5728
"Hecate Strait-Lowlands","Pink-Odd",1993,753058.8049,284188.2787
"Hecate Strait-Lowlands","Pink-Odd",1995,478467.4186,612356.6537
"Hecate Strait-Lowlands","Pink-Odd",1997,909996.9807,432643.9277
"Hecate Strait-Lowlands","Pink-Odd",1999,2162779.523,857748.7762
"Hecate Strait-Lowlands","Pink-Odd",2001,1270735.437,1693072.304
"Hecate Strait-Lowlands","Pink-Odd",2003,1395367.557,982271.8965
"Hecate Strait-Lowlands","Pink-Odd",2005,1174882.702,1114206.512
"Hecate Strait-Lowlands","Pink-Odd",2007,2296726.5,929572.2666
"Hecate Strait-Lowlands","Pink-Odd",2009,771564.3234,1948209.547
"Hecate Strait-Lowlands","Pink-Odd",2011,1586505.706,696271.0483
"Hecate Strait-Lowlands","Pink-Odd",2013,247018.1045,1352356.584
"Hecate Strait-Lowlands","Pink-Odd",2015,250857.184,195325.6301
"Hecate Strait-Lowlands","Pink-Odd",2017,369784.4007,214949.8627
"Hecate Strait-Lowlands","Pink-Odd",2019,614739.0165,368118.8755
"Hecate Strait-Fjords (odd)","Pink-Odd",1955,805598.0713,514820.2382
"Hecate Strait-Fjords (odd)","Pink-Odd",1957,885982.4682,454672.4201
"Hecate Strait-Fjords (odd)","Pink-Odd",1959,3285009.677,644204.1589
"Hecate Strait-Fjords (odd)","Pink-Odd",1961,5569579.914,1668084.541
"Hecate Strait-Fjords (odd)","Pink-Odd",1963,2729301.005,2838326.043
"Hecate Strait-Fjords (odd)","Pink-Odd",1965,484646.6966,897778.8046
"Hecate Strait-Fjords (odd)","Pink-Odd",1967,433314.0283,333100.556
"Hecate Strait-Fjords (odd)","Pink-Odd",1969,1178407.345,370675.2427
"Hecate Strait-Fjords (odd)","Pink-Odd",1971,1114040.979,911051.4362
"Hecate Strait-Fjords (odd)","Pink-Odd",1973,800403.2206,644848.6146
"Hecate Strait-Fjords (odd)","Pink-Odd",1975,598948.3109,557604.4194
"Hecate Strait-Fjords (odd)","Pink-Odd",1977,2084226.466,347902.5897
"Hecate Strait-Fjords (odd)","Pink-Odd",1979,3064312.611,1238863.102
"Hecate Strait-Fjords (odd)","Pink-Odd",1981,2222121.665,1048673.224
"Hecate Strait-Fjords (odd)","Pink-Odd",1983,3450182.607,1292855.484
"Hecate Strait-Fjords (odd)","Pink-Odd",1985,1905791.798,1895938.971
"Hecate Strait-Fjords (odd)","Pink-Odd",1987,1360448,926252.0172
"Hecate Strait-Fjords (odd)","Pink-Odd",1989,1430796.589,1223419.256
"Hecate Strait-Fjords (odd)","Pink-Odd",1991,835610.1581,1085832.581
"Hecate Strait-Fjords (odd)","Pink-Odd",1993,1270926.712,780896.7265
"Hecate Strait-Fjords (odd)","Pink-Odd",1995,850204.8165,1117902.657
"Hecate Strait-Fjords (odd)","Pink-Odd",1997,1284461.543,721978.1742
"Hecate Strait-Fjords (odd)","Pink-Odd",1999,4444274.163,1174725.556
"Hecate Strait-Fjords (odd)","Pink-Odd",2001,5535229.968,3256587.879
"Hecate Strait-Fjords (odd)","Pink-Odd",2003,4397383.369,3751493.877
"Hecate Strait-Fjords (odd)","Pink-Odd",2005,3486494.342,2946960.339
"Hecate Strait-Fjords (odd)","Pink-Odd",2007,6499228.803,2799915.431
"Hecate Strait-Fjords (odd)","Pink-Odd",2009,1725887.553,5038582.517
"Hecate Strait-Fjords (odd)","Pink-Odd",2011,8376430.179,1452931.528
"Hecate Strait-Fjords (odd)","Pink-Odd",2013,845591.3634,6315996.61
"Hecate Strait-Fjords (odd)","Pink-Odd",2015,1920387.164,668637.8967
"Hecate Strait-Fjords (odd)","Pink-Odd",2017,564823.0958,1645505.824
"Hecate Strait-Fjords (odd)","Pink-Odd",2019,1295151.773,562279.1077
"Nass-Skeena Estuary (odd)","Pink-Odd",1955,1024647.951,129859.5784
"Nass-Skeena Estuary (odd)","Pink-Odd",1957,204375.1289,61793.64554
"Nass-Skeena Estuary (odd)","Pink-Odd",1959,333110.9443,114362.2957
"Nass-Skeena Estuary (odd)","Pink-Odd",1961,161756.9988,177792.2433
"Nass-Skeena Estuary (odd)","Pink-Odd",1963,231041.4492,114449.8848
"Nass-Skeena Estuary (odd)","Pink-Odd",1965,159353.2661,90133.11681
"Nass-Skeena Estuary (odd)","Pink-Odd",1967,132045.6808,23546.63125
"Nass-Skeena Estuary (odd)","Pink-Odd",1969,298187.209,37823.77579
"Nass-Skeena Estuary (odd)","Pink-Odd",1971,120472.3926,138825.7609
"Nass-Skeena Estuary (odd)","Pink-Odd",1973,116773.6329,45482.30891
"Nass-Skeena Estuary (odd)","Pink-Odd",1975,474560.9888,71896.43333
"Nass-Skeena Estuary (odd)","Pink-Odd",1977,152401.4084,62049.74789
"Nass-Skeena Estuary (odd)","Pink-Odd",1979,276101.4667,41245.13974
"Nass-Skeena Estuary (odd)","Pink-Odd",1981,1928308.201,92749.19184
"Nass-Skeena Estuary (odd)","Pink-Odd",1983,1107432.551,217065.5595
"Nass-Skeena Estuary (odd)","Pink-Odd",1985,729418.7127,260980.5311
"Nass-Skeena Estuary (odd)","Pink-Odd",1987,2524211.872,94112.27943
"Nass-Skeena Estuary (odd)","Pink-Odd",1989,4070629.561,509230.3046
"Nass-Skeena Estuary (odd)","Pink-Odd",1991,406105.4446,222481.5049
"Nass-Skeena Estuary (odd)","Pink-Odd",1993,1404982.053,81181.64277
"Nass-Skeena Estuary (odd)","Pink-Odd",1995,213242.5989,199110.2791
"Nass-Skeena Estuary (odd)","Pink-Odd",1997,2828551.448,88662.32893
"Nass-Skeena Estuary (odd)","Pink-Odd",1999,911267.9562,378998.624
"Nass-Skeena Estuary (odd)","Pink-Odd",2001,1561812.797,500485.1753
"Nass-Skeena Estuary (odd)","Pink-Odd",2003,2006745.972,621162.5696
"Nass-Skeena Estuary (odd)","Pink-Odd",2005,1845783.399,847286.4997
"Nass-Skeena Estuary (odd)","Pink-Odd",2007,777475.0922,512659.5253
"Nass-Skeena Estuary (odd)","Pink-Odd",2009,266322.5598,415208.4834
"Nass-Skeena Estuary (odd)","Pink-Odd",2011,1471577.993,108918.9943
"Nass-Skeena Estuary (odd)","Pink-Odd",2013,193327.1718,550907.8955
"Nass-Skeena Estuary (odd)","Pink-Odd",2015,222864.9977,103422.6021
"Nass-Skeena Estuary (odd)","Pink-Odd",2017,35699.62725,104406.2231
"Nass-Skeena Estuary (odd)","Pink-Odd",2019,263952.7732,29374.50396
"Middle-Upper Skeena (odd)","Pink-Odd",1955,1980442.743,302225.1018
"Middle-Upper Skeena (odd)","Pink-Odd",1957,1254353.784,657126.0225
"Middle-Upper Skeena (odd)","Pink-Odd",1959,915896.0407,881942.3359
"Middle-Upper Skeena (odd)","Pink-Odd",1961,918162.321,516878.3515
"Middle-Upper Skeena (odd)","Pink-Odd",1963,309320.4059,743668.8924
"Middle-Upper Skeena (odd)","Pink-Odd",1965,577756.4846,292399.6755
"Middle-Upper Skeena (odd)","Pink-Odd",1967,880106.0024,409356.6986
"Middle-Upper Skeena (odd)","Pink-Odd",1969,1445485.341,720034.9128
"Middle-Upper Skeena (odd)","Pink-Odd",1971,973353.8395,947238.2868
"Middle-Upper Skeena (odd)","Pink-Odd",1973,1477805.321,750746.8437
"Middle-Upper Skeena (odd)","Pink-Odd",1975,1554608.112,1270862.376
"Middle-Upper Skeena (odd)","Pink-Odd",1977,376955.1525,831132.5539
"Middle-Upper Skeena (odd)","Pink-Odd",1979,983505.8865,217762.3095
"Middle-Upper Skeena (odd)","Pink-Odd",1981,2152185.289,676789.9403
"Middle-Upper Skeena (odd)","Pink-Odd",1983,2543438.369,1904811.635
"Middle-Upper Skeena (odd)","Pink-Odd",1985,2709416.188,1663714.294
"Middle-Upper Skeena (odd)","Pink-Odd",1987,2908435.293,1934814.632
"Middle-Upper Skeena (odd)","Pink-Odd",1989,4455502.931,2533954.949
"Middle-Upper Skeena (odd)","Pink-Odd",1991,869970.5714,3668050.01
"Middle-Upper Skeena (odd)","Pink-Odd",1993,1343119.368,608450.4134
"Middle-Upper Skeena (odd)","Pink-Odd",1995,441783.1787,948513.7985
"Middle-Upper Skeena (odd)","Pink-Odd",1997,1139840.256,283069.6489
"Middle-Upper Skeena (odd)","Pink-Odd",1999,853521.5381,980444.2986
"Middle-Upper Skeena (odd)","Pink-Odd",2001,2209411.364,583558.0048
"Middle-Upper Skeena (odd)","Pink-Odd",2003,1932477.143,1643220.693
"Middle-Upper Skeena (odd)","Pink-Odd",2005,1576266.537,1932477.143
"Middle-Upper Skeena (odd)","Pink-Odd",2007,3449580.038,1068141.424
"Middle-Upper Skeena (odd)","Pink-Odd",2009,526049.2022,3283064.696
"Middle-Upper Skeena (odd)","Pink-Odd",2011,600647.4947,416505.828
"Middle-Upper Skeena (odd)","Pink-Odd",2013,477762.6675,600646.0631
"Middle-Upper Skeena (odd)","Pink-Odd",2015,0,475335.6959
"Middle-Upper Skeena (odd)","Pink-Odd",2017,0,895036.2079
"Middle-Upper Skeena (odd)","Pink-Odd",2019,0,263126.2802
"Homathko-Klinaklini-Smith-Rivers-Bella Coola-Dean","Pink-Odd",1955,1351274.075,333635.4727
"Homathko-Klinaklini-Smith-Rivers-Bella Coola-Dean","Pink-Odd",1957,1293279.501,627257.0607
"Homathko-Klinaklini-Smith-Rivers-Bella Coola-Dean","Pink-Odd",1959,5139414.546,783814.8444
"Homathko-Klinaklini-Smith-Rivers-Bella Coola-Dean","Pink-Odd",1961,1879054.316,1623415.237
"Homathko-Klinaklini-Smith-Rivers-Bella Coola-Dean","Pink-Odd",1963,718400.2591,903179.8543
"Homathko-Klinaklini-Smith-Rivers-Bella Coola-Dean","Pink-Odd",1965,312233.2378,281749.6602
"Homathko-Klinaklini-Smith-Rivers-Bella Coola-Dean","Pink-Odd",1967,79438.67076,81122.92882
"Homathko-Klinaklini-Smith-Rivers-Bella Coola-Dean","Pink-Odd",1969,93074.25282,24812.31553
"Homathko-Klinaklini-Smith-Rivers-Bella Coola-Dean","Pink-Odd",1971,126325.8922,68685.24283
"Homathko-Klinaklini-Smith-Rivers-Bella Coola-Dean","Pink-Odd",1973,147287.7391,64979.5393
"Homathko-Klinaklini-Smith-Rivers-Bella Coola-Dean","Pink-Odd",1975,773086.7309,89797.72696
"Homathko-Klinaklini-Smith-Rivers-Bella Coola-Dean","Pink-Odd",1977,1895015.193,393922.5542
"Homathko-Klinaklini-Smith-Rivers-Bella Coola-Dean","Pink-Odd",1979,1472863.133,1401384.098
"Homathko-Klinaklini-Smith-Rivers-Bella Coola-Dean","Pink-Odd",1981,2329950.646,801543.8658
"Homathko-Klinaklini-Smith-Rivers-Bella Coola-Dean","Pink-Odd",1983,5466491.451,1854180.603
"Homathko-Klinaklini-Smith-Rivers-Bella Coola-Dean","Pink-Odd",1985,1120641.579,4000001.787
"Homathko-Klinaklini-Smith-Rivers-Bella Coola-Dean","Pink-Odd",1987,841332.0699,652024.2157
"Homathko-Klinaklini-Smith-Rivers-Bella Coola-Dean","Pink-Odd",1989,4209940.329,709396.4196
"Homathko-Klinaklini-Smith-Rivers-Bella Coola-Dean","Pink-Odd",1991,2240878.934,3416318.603
"Homathko-Klinaklini-Smith-Rivers-Bella Coola-Dean","Pink-Odd",1993,960087.204,1702875.664
"Homathko-Klinaklini-Smith-Rivers-Bella Coola-Dean","Pink-Odd",1995,2442336.545,838116.5313
"Homathko-Klinaklini-Smith-Rivers-Bella Coola-Dean","Pink-Odd",1997,1461196.116,2309812.767
"Homathko-Klinaklini-Smith-Rivers-Bella Coola-Dean","Pink-Odd",1999,5470373.489,1401031.009
"Homathko-Klinaklini-Smith-Rivers-Bella Coola-Dean","Pink-Odd",2001,2479347.471,4977071.458
"Homathko-Klinaklini-Smith-Rivers-Bella Coola-Dean","Pink-Odd",2003,2292553.376,2258872.363
"Homathko-Klinaklini-Smith-Rivers-Bella Coola-Dean","Pink-Odd",2005,1543974.267,2081779.228
"Homathko-Klinaklini-Smith-Rivers-Bella Coola-Dean","Pink-Odd",2007,1816965.543,1466015.479
"Homathko-Klinaklini-Smith-Rivers-Bella Coola-Dean","Pink-Odd",2009,1331396.224,1780186.299
"Homathko-Klinaklini-Smith-Rivers-Bella Coola-Dean","Pink-Odd",2011,2694469.493,1329940.165
"Homathko-Klinaklini-Smith-Rivers-Bella Coola-Dean","Pink-Odd",2013,0,2510648.587
"Homathko-Klinaklini-Smith-Rivers-Bella Coola-Dean","Pink-Odd",2017,48215.21296,5381235.79
"Homathko-Klinaklini-Smith-Rivers-Bella Coola-Dean","Pink-Odd",2019,461427.0149,47781.19824
"Georgia Strait (even)","Pink-Even",1954,423234,535824
"Georgia Strait (even)","Pink-Even",1956,651463,165736
"Georgia Strait (even)","Pink-Even",1958,56270,211510
"Georgia Strait (even)","Pink-Even",1960,58849,20125
"Georgia Strait (even)","Pink-Even",1962,78202,26558
"Georgia Strait (even)","Pink-Even",1964,127831,29425
"Georgia Strait (even)","Pink-Even",1966,128853,31704
"Georgia Strait (even)","Pink-Even",1968,81650,32773
"Georgia Strait (even)","Pink-Even",1970,61269,22935
"Georgia Strait (even)","Pink-Even",1972,78962,25426
"Georgia Strait (even)","Pink-Even",1974,185533,27788
"Georgia Strait (even)","Pink-Even",1976,57075,54144
"Georgia Strait (even)","Pink-Even",1978,83642,23413
"Georgia Strait (even)","Pink-Even",1980,9159,42742
"Georgia Strait (even)","Pink-Even",1982,13475,5589
"Georgia Strait (even)","Pink-Even",1984,459634,5122
"Georgia Strait (even)","Pink-Even",1986,356105,314428
"Georgia Strait (even)","Pink-Even",1988,941388,245203
"Georgia Strait (even)","Pink-Even",1990,562370,718802
"Georgia Strait (even)","Pink-Even",1992,160138,352877
"Georgia Strait (even)","Pink-Even",1994,296799,126450
"Georgia Strait (even)","Pink-Even",1996,114150,279054
"Georgia Strait (even)","Pink-Even",1998,265064,104355
"Georgia Strait (even)","Pink-Even",2000,249343,208094
"Georgia Strait (even)","Pink-Even",2002,64373,204935
"Georgia Strait (even)","Pink-Even",2004,58781,57802
"Georgia Strait (even)","Pink-Even",2006,144105,51286
"Georgia Strait (even)","Pink-Even",2008,762411,139224
"Georgia Strait (even)","Pink-Even",2010,558434,659305
"Georgia Strait (even)","Pink-Even",2012,2330604,551467
"Georgia Strait (even)","Pink-Even",2014,100054,2089904
"Southern Fjords (even)","Pink-Even",1954,1203707,389830
"Southern Fjords (even)","Pink-Even",1956,1505384,541159
"Southern Fjords (even)","Pink-Even",1958,529807,574196
"Southern Fjords (even)","Pink-Even",1960,1421689,218554
"Southern Fjords (even)","Pink-Even",1962,1435127,697069
"Southern Fjords (even)","Pink-Even",1964,4682506,622955
"Southern Fjords (even)","Pink-Even",1966,5111165,1331478
"Southern Fjords (even)","Pink-Even",1968,3529217,1489447
"Southern Fjords (even)","Pink-Even",1970,1458530,1161461
"Southern Fjords (even)","Pink-Even",1972,2679026,711634
"Southern Fjords (even)","Pink-Even",1974,5460095,1139438
"Southern Fjords (even)","Pink-Even",1976,2447073,1699990
"Southern Fjords (even)","Pink-Even",1978,2606555,1130452
"Southern Fjords (even)","Pink-Even",1980,770502,1445426
"Southern Fjords (even)","Pink-Even",1982,609908,579890
"Southern Fjords (even)","Pink-Even",1984,1624020,378787
"Southern Fjords (even)","Pink-Even",1986,2361240,1196814
"Southern Fjords (even)","Pink-Even",1988,3439260,1749737
"Southern Fjords (even)","Pink-Even",1990,3046013,3059604
"Southern Fjords (even)","Pink-Even",1992,1522311,2209392
"Southern Fjords (even)","Pink-Even",1994,2384426,1315430
"Southern Fjords (even)","Pink-Even",1996,2298946,2324225
"Southern Fjords (even)","Pink-Even",1998,5905014,2189060
"Southern Fjords (even)","Pink-Even",2000,884689,5365526
"Southern Fjords (even)","Pink-Even",2002,1654072,779346
"Southern Fjords (even)","Pink-Even",2004,649242,1546844
"Southern Fjords (even)","Pink-Even",2006,492649,596321
"Southern Fjords (even)","Pink-Even",2008,907790,480239
"Southern Fjords (even)","Pink-Even",2010,2426437,803846
"Southern Fjords (even)","Pink-Even",2012,3920552,2409508
"Southern Fjords (even)","Pink-Even",2014,708194,3579638
"Georgia Strait (odd)","Pink-Odd",1957,1014724,475544
"Georgia Strait (odd)","Pink-Odd",1959,992476,424900
"Georgia Strait (odd)","Pink-Odd",1961,935059,399719
"Georgia Strait (odd)","Pink-Odd",1963,207893,460765
"Georgia Strait (odd)","Pink-Odd",1965,261593,128525
"Georgia Strait (odd)","Pink-Odd",1967,103921,88746
"Georgia Strait (odd)","Pink-Odd",1969,208524,69694
"Georgia Strait (odd)","Pink-Odd",1971,262556,126999
"Georgia Strait (odd)","Pink-Odd",1973,216037,145133
"Georgia Strait (odd)","Pink-Odd",1975,215908,152036
"Georgia Strait (odd)","Pink-Odd",1977,153615,89302
"Georgia Strait (odd)","Pink-Odd",1979,201811,66509
"Georgia Strait (odd)","Pink-Odd",1981,83946,116987
"Georgia Strait (odd)","Pink-Odd",1983,133820,47984
"Georgia Strait (odd)","Pink-Odd",1985,539613,66643
"Georgia Strait (odd)","Pink-Odd",1987,574705,302288
"Georgia Strait (odd)","Pink-Odd",1989,904804,110912
"Georgia Strait (odd)","Pink-Odd",1991,337679,338459
"Georgia Strait (odd)","Pink-Odd",1993,247099,149934
"Georgia Strait (odd)","Pink-Odd",1995,334831,87748
"Georgia Strait (odd)","Pink-Odd",1997,636161,148496
"Georgia Strait (odd)","Pink-Odd",1999,934557,619443
"Georgia Strait (odd)","Pink-Odd",2001,738560,800121
"Georgia Strait (odd)","Pink-Odd",2003,640023,552573
"Georgia Strait (odd)","Pink-Odd",2005,485691,587403
"Georgia Strait (odd)","Pink-Odd",2007,2471891,439262
"Georgia Strait (odd)","Pink-Odd",2009,1398991,2044859
"Georgia Strait (odd)","Pink-Odd",2011,4429012,732743
"Georgia Strait (odd)","Pink-Odd",2013,3500319,3485946
